""	"contract_id"	"contract_date"	"subject"	"price"	"participating_company"	"customer_agent_company"	"bidding_agent_company_name"
"0"	"CGN-20180529004"	"2023-04-11"	"Первый три башни проекта морской ветровой энергетики на Кананге, Китай, и Яньцзян"	"14068380.00 RMB"	"Hongong Kong"	"Двойная"	"Худо"
"1"	"CGN-20190906004"	"2023-04-17"	"3-я атомная атомная электростанция Китая, Австралия, проект по обеспечении доступа к воде"	"674850653.49 RMB"	"China Construction Corp."	"Льюис"	"Джутенхуа"
"2"	"CGN-201909110001-N1"	"2023-02-07"	"Проект «Озеленение» на площадке завода «Гуандун»"	"29409934.91 RMB"	"Xiaomi Environmental Building Ltd"	"Джютенхуа"	"Ли"
"3"	"CGN-20190919001-N1"	"2023-02-07"	"Результаты генерального контракта на строительство завода по производству чистой воды в Гуандун"	"28995979.71 RMB"	"Выпускник: Муниципальный институт инженерного проектирования в Тяньцзине"	"Джютенхуа"	"Rязань"
"4"	"CGN-20190927001"	"2022-05-26"	"Реконструкция здания китайской и китайской ядерной инженерии (пункт 2)"	"93298028.48 RMB"	"Чайна Инжиниринг Лимитед"	"Шоу"	"Шоу"
"5"	"CGN-20190927002"	"2021-10-13"	"Реконструкция этого здания (три пункта)"	"10620431583 RMB"	"Чайна инжиниринг лимитед"	"Шоу"	"Шоу"
"6"	"CGN-20191008002"	"2023-04-17"	"Результаты работ по затоплению на заводе ""Чжэцзян"""	"63763927.18 RMB"	"Китайская ядерная промышленность"	"Чжан"	"Джютенхуа"
"7"	"CGN-201911120003"	"2023-04-12"	"12-я группа LOT65 и шкаф BOP"	"24295240.00 RMB"	"ABB"	"Ван Ши Мин"	"Худо"
"8"	"CGN-201911210004"	"2023-04-11"	"Тематический проект по изучению экологического воздействия морской среды в проекте ""Гордон"""	"1,092,025.00 RMB"	"Консалтинговая фирма ""Хоккайо консалтинг"""	"Ляомин"	"Худо"
"9"	"CGN-20201028007"	"2021-07-29"	"Закупка оборудования для ветрогенератора ветроэнергетического комплекса ""Север"""	"227964000.00 CNY"	"Производитель"	"Чайна энтропия"	"Чайна инжиниринг лимитед"
"10"	"CGN-202010310001"	"2021-07-20"	"200 мегаватт-плюс для проекта EPC"	"$15,000,618,968"	"Внутренний монгольский консорциум ""Инжиниринг лимитед"" и ""Инжиниринг электроснабжения внутренней Монголии"""	"Тишина"	"Чжоу"
"11"	"CGN-20201130002-N1"	"2021-06-08"	"Закупка ПТСР (второе предложение)"	"10432688.00 RMB"	"Сычуаньская овчарка"	"Лю По"	"Лю Бо"
"12"	"CGN-20201204003"	"2021-07-29"	"Закупка оборудования ветряного блок для проекта «Сибирь» и «Чайна» (заявка на номер проекта: CGN-20201204003) для определения промежуточного значения проекта"	"191328000.00 CNY"	"Jiang Kong Kong"	"Лианг Фаньюань"	"Чайна инжиниринг лимитед"
"13"	"CGN-202012040004"	"2021-06-22"	"Закупка оборудования ветряного блока для проекта""Сибирь"",""Концентрация"",""Сибирь"",""Концентрация"",""Децентрализация"",""Скайп"""	"703063000.00 CNY"	"Smart Energy Group"	"Рязанский круг"	"Чайна инжиниринг лимитед"
"14"	"CGN-202012170007"	"2022-01-10"	"Паровые генераторы блока 5-6 проекта HLLF в Гуандуне"	"325083320.00 RMB"	"Консорциум: Шанхайская электрическая атомная электроэнергетическая корпорация и Шанхайская корпорация электротехнического оборудования"	"Джокингуи"	"Худо"
"15"	"CGN-20210108001"	"2021-07-27"	"200 МВт ветровой топ-инженер"	"2900000.00 ¥"	"Китай: Северо-Западный институт топографического дизайна, Китайская электрическая группа"	"Ван И"	"Пенсильван"
"16"	"CGN-20210108002"	"2021-07-27"	"100 МВт ветряная топ-инжиниринговая установка в монастыре Сычуань"	"2100000.00 ¥"	"Китайское северо-западное институт топографического дизайна и китайская электрическая группа"	"Ван И"	"Пенсильван"
"17"	"CGN-202101120002"	"2021-07-27"	"30 МВт проектная съемка 30 МВт"	"110000.00 RMB"	"Китайский совет по электроинженерии"	"Ван И"	"Чжоу"
"18"	"CGN-20210129003"	"2021-07-14"	"Обычный проект HLF в Гуандуне"	"1,598,831,562.28 RMB"	"Китайское агентство строительства II"	"Чжан Цзинь"	"Чайна инжиниринг лимитед"
"19"	"CGN-20210204002"	"2021-06-08"	"Проект строительства новой системы мониторинга и предварительной фильтрации воды Янцзы"	"114181793.49 €"	"Чайна инжиниринг 4"	"Чайна инжиниринг лимитед"	"Чайна инжиниринг лимитед"
"20"	"CGN-202102040003-N1"	"2021-07-27"	"Приобретение оборудования, такого как электроснабжение с высоким давлением (второе предложение)"	"$3,128,904.40"	"Тайшань"	"Лю По"	"Лю По"
"21"	"CGN-20210204004"	"2021-06-17"	"Закупка генераторного оборудования для ветровой электростанции ""Сиша"", вторая ветровая электростанция в регионе Сиша, Китай и Северная Корея"	"179400000.00 CNY"	"Jiang Kong Kong"	"China and China New Energy Entertainment"	"Чайна инжиниринг лимитед"
"22"	"CGN-20210204005"	"2021-08-09"	"200 МВт закупка оборудования для ветрогенераторного оборудования для ветроэнергетического поля на электростанции ""Чэнцзян"""	"735840000.00 CNY"	"Jiang Kong Kong"	"Синьцзян"	"Чайна инжиниринг лимитед"
"23"	"CGN-202102070015"	"2023-02-07"	"Проект HLF"	"199800409.00 RMB"	"Китайская ядерная промышленность"	"Льюис"	"Джютенхуа"
"24"	"CGN-20210208009"	"2021-08-05"	"100 МВт ветроэнергетический проект с конструкциями"	"2,580,000.00 ¥"	"Китайская электростроительная группа China Southern Research Institute"	"Ван И"	"Пенсильван"
"25"	"CGN-202102080012"	"2021-06-22"	"100 МВт ветроэнергетического проекта с конструкциями"	"1,790,000.00 RMB"	"Северо-Западный институт топографического дизайна, Китайская электрическая группа"	"Ван И"	"Чжоу"
"26"	"CGN-202103010002-N2"	"2021-07-27"	"Закупка онлайновой системы контроля за генераторами-генераторами и смазочных материалов для моторных генераторов"	"3460000.00 RMB"	"Beijing Huawei and An Monitor Technology"	"Ван"	"Лю По"
"27"	"CGN-202103020003"	"2021-07-02"	"Проект по строительству единого офисного офисного офисного офисного коммуникационного оборудования и интеллектуальных систем в рамках проекта""Гуандун-Пайн"""	"16714567.68 RMB"	"China Tech"	"Лю Цзянь"	"Льюис"
"28"	"CGN-20210309007-N1"	"2022-07-13"	"LOT101La (non-nuclear floating hydrostatic sensor)"	"00:00:00 CNY"	"Википедия: Wika Automation (Сучжоу) Ltd."	"Ляодан"	"Ли Кэнпинг"
"29"	"CGN-20210316001"	"2021-06-11"	"Проект AN Проект 1 ""Озеленение ландшафта"""	"2212500.00 RMB"	"Шэньчжэнь"	"Ливанлан"	"Ли Wendong"
"30"	"CGN-202103160004"	"2021-07-27"	"Проект 39,6 МВт децентрализованный проект ветроанализа"	"1480000.00 RMB"	"China Electric Co. Ltd."	"Синьхуа"	"Чайна инжиниринг лимитед"
"31"	"CGN-202103190011"	"2022-07-19"	"Проект Центра передовых энергетических исследований и инноваций LOT130B"	"258000.00 CNY"	"Lanka Language Computer Limited"	"Сун"	"Ли Кэнпинг"
"32"	"CGN-202103190012"	"2021-08-12"	"50,25 МВт ветряной топ-3 в Чжуншань"	"1,580,000.00 RMB"	"China Electric Co. Ltd."	"Ван И"	"Чжоу"
"33"	"CGN-202103220002"	"2021-07-20"	"Проект «Чжэцзян», «Зима», «Гидрометрия», типичный для летнего периода плоды"	"1,713,206.00 RMB"	"Средиземноморский институт морского планирования провинции Чжэцзян"	"Шэньчжэнь"	"Худо"
"34"	"CGN-202103230001"	"2021-06-30"	"1-я серия проекта BJ LOT134Ga 1-я и 2-я блоки LOT134Ga"	"9966666.00 RMB"	"Zong Kong Co."	"Ван Вэй"	"Льюис"
"35"	"CGN-202103240002-N1"	"2021-06-11"	"Проект BJ 1, блок LOT111C (подвеска меньше 40т на АЭС) (перезагрузка)"	"32833000.00 RMB"	"Cypriped Machine"	"Чэнь"	"Льюис"
"36"	"CGN-202103250001-N1"	"2021-07-21"	"Сервисы по обеспечении безопасности персональных устройств в условиях безопасности корпуса 3 и 4 блока 2 в Порт-о-Пренсе (перенаправлено) (номер тендера: CGN-CGN)"	"$662819080.00 USD"	"""Цинкусима Тихоокеанская подводная инжиниринг"""	"Чайна инжиниринг лимитед"	"Чайна инжиниринг лимитед"
"37"	"CGN-202103250004-N1"	"2021-06-15"	"Производственный насос LOT24A (перезакупка) для проекта LF в Гуандуне"	"59756000.00 RMB"	"Партнеры(""Шэньян"")"	"Льюис"	"Чайна инжиниринг лимитед"
"38"	"CGN-20210325006"	"2021-07-20"	"Интегрированная исследовательская работа по изучению воздействия водяных фильтров на атомную электростанцию Нинде 5 и 6"	"1,490,000.00 RMB"	"Научно-исследовательский институт гидротехники в Тяньцзине, Министерство транспорта"	"Шэньчжэнь"	"Худо"
"39"	"CGN-20210325008"	"2021-07-21"	"Обнародование результатов в трех коробках LOT88Ac"	"4698880.00 CNY"	"Shanghai Electronic Suite"	"Р."	"Ли Кэнпинг"
"40"	"CGN-20210330001-N1"	"2021-06-22"	"Конденсаторная тара BOP и оборудование для нагревательных установок для производства горячей воды (перезапрос) в блоке BJ проекта 1 и 2 LOT41Ca"	"6960000.00 RMB"	"Северо-восточная гора"	"Льюис"	"Сюй"
"41"	"CGN-202103310007"	"2023-02-07"	"Проект HLF «Контент на воду» и проект «Инженерная защита от просачивания»"	"652885000.00 RMB"	"Чайна инжиниринг 4"	"Лю Сяо"	"Джутенхуа"
"42"	"CGN-202103310008"	"2021-07-20"	"Блок 1-2 проекта BJ LOT66 и низконапорный шкаф (проект конфиденциальности)"	"91216243.00 RMB"	"ABB ABB"	"Ван Ши Мин"	"Худо"
"43"	"CGN-202103310009-N1"	"2021-07-06"	"Закупка 2 млн кВт морской ветроэнергетики в порту Гуанси (1) (перезакупка)"	"7380000.00 RMB"	"Технический центр по изучению Южно-Китайского моря, Национальное управление по вопросам океана"	"Ли"	"Чайна инжиниринг лимитед"
"44"	"CGN-202104010005"	"2021-08-11"	"Закупка ветряного оборудования в рамках проекта""Цзянси"""	"110323500.00 CNY"	"Перспективная энергетика"	"Синьхуа"	"Роливер"
"45"	"CGN-20210408005"	"2023-02-07"	"Проект 10кВ временных электропередач"	"15380000.00 RMB"	"Heaven Electric Company"	"Организация Объединенных Наций"	"Организация Объединенных Наций"
"46"	"CGN-202104080007-N1"	"2022-02-18"	"1-й и 2-й группы LOT44Eb Обозначение результатов"	"2,974,235.00 RMB"	"Jianzsu Electric Company"	"зима"	"Чайна инжиниринг лимитед"
"47"	"CGN-20210409003"	"2023-02-07"	"1-й проект по обслуживанию систем электроснабжения"	"2,902,503.80 RMB"	"Цифровые технологии"	"Джютенхуа"	"Чайна инжиниринг лимитед"
"48"	"CGN-202104130001"	"2023-02-07"	"Проект «Интеллектуальная земля» в Чжэцзяне (1 этап)"	"9015046.11 RMB"	"China Tech"	"Джютенхуа"	"Чайна инжиниринг лимитед"
"49"	"CGN-202104140003"	"2021-06-18"	"500 МВт сельского хозяйства (лесное хозяйство, рыбный промысел) комплементарный фотоэлектрический фотоэлектрический проект EPC"	"80334800497 RMB"	"Китайский энергетический консорциум China Energy Building Group, China Institute of Electrical Design"	"Ядерная компания, яньян"	"Чайна инжиниринг лимитед"
"50"	"CGN-20210415001"	"2021-07-05"	"Проект LOT110 (Устройство для реакторов) (номер тендера: CGN-20210415001) для определения участника проекта"	"5570000.00 RMB"	"Great Wall Street Journal"	"Льюис"	"Чайна инжиниринг лимитед"
"51"	"CGN-20210415002"	"2021-07-20"	"Проект ""Проект плодов"""	"818500.00 RMB"	"Национальный центр мониторинга морской среды"	"Шэньчжэнь"	"Худо"
"52"	"CGN-202104160001"	"2021-07-20"	"Долгосрочное соглашение по проведению исследований в области гидротехники"	"6388000.00 RMB"	"Национальное управление по делам ветеранов"	"Худо"	"Худо"
"53"	"CGN-20210416002"	"2023-02-07"	"Проект инженерного обеспечения безопасности"	"64950495.00 RMB"	"Shanghai Secure Services Ltd."	"Чен"	"Джютенхуа"
"54"	"CGN-202104210001-N1"	"2021-07-27"	"Закупка (перезакупка) в рамках проекта""Эксплуатационные ветра""на юго-востоке страны"	"5459423.00 RMB"	"Шэньчжэнь"	"Лю Ху"	"Ли Хун"
"55"	"CGN-202104210002"	"2021-06-11"	"Покупка башни из белого ветряного ветряного ветряного балета в Синьхуа"	"35314786.60 CNY"	"Гуандун"	"Синьцзян"	"Роливер"
"56"	"CGN-202104210003-N1"	"2021-07-20"	"Проект «Общее планирование проектного комплекса» и проект «Услуги по проектированию строительной программы» (перезаключение)"	"2950000.00 RMB"	"Шэньчжэньский городской совет по исследованию архитектуры"	"Синьхуа"	"Желание строить"
"57"	"CGN-202104210008"	"2021-08-03"	"Закупка EPC в распределенном районе Бэйбэй"	"9249484.00 CNY"	"China Electric Co. Ltd."	"Синьхуа"	"Роливер"
"58"	"CGN-202104210009-N1"	"2021-07-20"	"Проект BJ 1 и 2 LOT70 - установка сухого трансформатора на заводе LOT70 (номер тендера: CGN-202104210009-N1) для группы BJ по проектам 1 и 2, для определения победителей проекта, например"	"25996000.00 RMB"	"Siemens Electrical Equipment Ltd."	"Ян"	"Худо"
"59"	"CGN-20210420002"	"2023-02-07"	"Услуги по обеспечению безопасности в рамках проекта"	"37371069.60 RMB"	"Чайна файл"	"Организация Объединенных Наций"	"Организация Объединенных Наций"
"60"	"CGN-202104230002"	"2021-07-20"	"Проект долгосрочного соглашения по программе строительного строительства в области сохранения почв плодов"	"505000.00 RMB"	"Компания с ограниченной ответственностью за проектирование в Янцзей"	"Шэньчжэнь"	"Худо"
"61"	"CGN-202104230003"	"2021-07-05"	"100 МВт ветроэнергетического проекта и 100 МВт ветроэнергетического проекта китайской и китайской сиропии. Платформа, ветряная инфраструктура в пункте A"	"35526265.00 ¥"	"""Инжиниринг Цзянсу Цзинтайн"""	"Пенсильван"	"Чайна инжиниринг лимитед"
"62"	"CGN-202104230004"	"2021-07-05"	"100 МВт ветроэнергетического проекта и 100 МВт ветроэнергетического проекта китайской и китайской сиропии. Платформа, матрицы B"	"¥35790066.00"	"International Electric Co. Ltd."	"Пенсильван"	"Чайна инжиниринг лимитед"
"63"	"CGN-202104230006"	"2021-06-04"	"Проект Бенянцзян, связанный с проектом по предоставлении услуг по тестированию третьей стороны в рамках проекта"	"827800.00 RMB"	"Project ""Янцзы"""	"Ян Лун"	"Чайна инжиниринг лимитед"
"64"	"CGN-20210425001"	"2021-06-16"	"Закупка оборудования для замены ветряного электрооборудования в Южном Ланкау"	"7457722.00 ¥"	"Ningpooxs"	"Белый"	"Пенсильван"
"65"	"CGN-20210425002"	"2021-07-20"	"Проект BJ LOT68A NI и система бесперебойного питания"	"15036090.00 RMB"	"Cowa Data Company"	"Худо"	"Чайна инжиниринг лимитед"
"66"	"CGN-202104250006"	"2021-06-15"	"110 кВ ветряная электростанция 110 кВ в рамках генерального подрядного проекта EPC"	"8975000.00 RMB"	"N/A"	"Чайна"	"Чайна инжиниринг лимитед"
"67"	"CGN-202104250009"	"2023-02-07"	"Контейнерный шкаф неядерного класса на заводе LOT88C для блока 1-2 проекта AN и блока 1-2 проекта BJ"	"2030177.58 RMB"	"China Super Electric Company"	"Джютенхуа"	"Лю"
"68"	"CGN-202104250010"	"2022-07-12"	"Кабельное приложение к блоку LOT87B K3 для блока 1 и 2 проекта""Тайпинс"""	"7580225.00 CNY"	"Шэньчжэнь"	"Ли Кэнпинг"	"R."
"69"	"CGN-20210426001"	"2021-06-17"	"Ветроэнергетический проект «Хинсикал» для борьбы с нищетой в рамках второго проекта по строительству дорог, платформ, ветряных машин и коробок (показатель)"	"30959551.00 ¥"	"Инициали «Гуанси Юнчэн»"	"郭蔷"	"Пенсильван"
"70"	"CGN-20210426007"	"2023-02-07"	"Профессиональное механическое обследование во время строительства проекта BJ"	"630000.00 RMB"	"Шэньчжэнь"	"Лю"	"Джютенхуа"
"71"	"CGN-202104270004-N2"	"2021-10-29"	"Ветрометрическая башня EPC (вторая повторная тендерная заявка)"	"6980000.00 CNY"	"Китайская электростроительная группа China Southern Research Institute"	"Чайна"	"Роливер"
"72"	"CGN-202104270006"	"2021-07-20"	"Блок 1-2 проекта BJ LOT87B (K3 кабельное приложение)"	"436119.00 RMB"	"China High Technologies"	"Чжао Чжи"	"Худо"
"73"	"CGN-20210427007"	"2021-07-20"	"Project BJ LOT87C (K1 cable application)"	"5263800.00 RMB"	"Shēnzhèn"	"Чжао Чжи"	"Худо"
"74"	"CGN-20210428001-N1"	"2021-07-06"	"Результаты проекта по охране окружающей среды, водоохранной инженерии (перезакупка) на электрической площадке в префектуре Хиросима"	"7752692.00 RMB"	"компания с ограниченной ответственностью за строительство в провинции Энго"	"Синьхуа"	"Ли Хун"
"75"	"CGN-20210428003"	"2021-07-06"	"100 МВт ветряной электроэнергии и проект комбинированной и подъемной электростанции в рамках проекта 100 МВт ветряной электроэнергии в центральной части Китая"	"49717640.00 CNY"	"Контролер @guoliangliang (""Чайна Хиросима"")"	"Нет"	"Чайна инжиниринг лимитед"
"76"	"CGN-20210428005"	"2021-06-22"	"Закупка оборудования для замены ветряного оборудования для проекта""Оксуса-2""(первый пункт: коробка для северного города)"	"7849900.00 ¥"	"Электротехника"	"Пенсильван"	"Чайна инжиниринг лимитед"
"77"	"CGN-202104280006"	"2021-06-29"	"Закупка оборудования для замены ветряного электрооборудования в 2-м сезоне в 2007 году (пункт 2: Lance)"	"6120000.00 ¥"	"Электротехника"	"Белый"	"Пенсильван"
"78"	"CGN-202104280007"	"2021-06-22"	"Устройство для разработки и приобретения специального инструмента для системы измерения на атомных электростанциях"	"11178266.00 RMB"	"Jiang Jian Jian Jian Jian Lou Song"	"Кристалл"	"Лю Цзянь"
"79"	"CGN-20210428009"	"2023-02-07"	"Проект строительства подсистемы измерения проекта HLF"	"1,438,500.00 RMB"	"Инжиниринг Чжэнчжоу"	"Организация Объединенных Наций"	"Организация Объединенных Наций"
"80"	"CGN-202104280010"	"2023-02-07"	"Проект мониторинга третьей стороны проекта HLF"	"6528635.00 RMB"	"Инжиниринг Чжэнчжоу"	"Организация Объединенных Наций"	"Организация Объединенных Наций"
"81"	"CGN-202104280011"	"2021-07-06"	"Проект ветряных турбин на острове Янцзы и Кананге"	"57966506.68 CNY"	"Sandong Terek Electric Engineering Ltd."	"Lango County, New Energy Ltd."	"(Чайна инжиниринг лимитед)"
"82"	"CGN-20210429001"	"2021-07-28"	"Проект строительства жилых помещений в комплексе «Гуандун-тай-Пин», проект «Проект строительства жилого комплекса»"	"40211168.70 RMB"	"ZTE Group"	"Лю Рейкси"	"Лю Цзянь"
"83"	"CGN-20210429002"	"2021-06-16"	"Закупка башни с башнями ветряных турбин (первый пункт: закупка башни в северном городе)"	"5397273.56 RMB"	"Проект: Закупка башни""Ветряная башня"",""Ветерная башня"",""Ветерная башня"",""Ветерная башня"",""Синьхуа"",""Синьцзян""(первый пункт: закупка башняной башни в Северном городе)"	"Гуандун"	"Чайна инжиниринг лимитед"
"84"	"CGN-20210429003"	"2021-06-22"	"Закупка башни с башнями ветряных турбин (второй пункт: Закупка башни «Окс-2»)"	"$460300942"	"Zong Island"	"Китайская компания по производству новых энергетических источников"	"Чайна инжиниринг лимитед"
"85"	"CGN-20210429005"	"2021-06-07"	"Закупка 2-го электрического кабеля (первый пункт: закупка 1-го места в городе)"	"3 843 590,14 $"	"Зонги остров"	"Белая"	"Чжоу"
"86"	"CGN-20210429006"	"2021-06-22"	"Закупка 2-го ветряного электрического кабеля в городе Хинси, Китай (пункт 2: Закупка 2-го вокзала)"	"$3,132,588.71"	"Zong Island"	"Китайская компания по производству новой энергии"	"Чайна инжиниринг лимитед"
"87"	"CGN-20210429008"	"2021-07-20"	"Project HLLF 5-6 in Guangdong"	"219660000.00 RMB"	"Deyan"	"Худо"	"Чайна инжиниринг лимитед"
"88"	"CGN-20210429009"	"2021-07-05"	"Ветряная машина LOT150Aa HVAC (NI) для группы BJ проекта 1 и 2"	"32620000.00 RMB"	"Jiang Jiang Jiangang Gong"	"Ли Вэй"	"Льюис"
"89"	"CGN-202104290010"	"2021-07-05"	"Проект строительства участка C-10 в центре города Лун-Бей, Вэньчжоу"	"50980884.73 $"	"Тайюань"	"Чжан Цзяо"	"Желание строить"
"90"	"CGN-202104290012"	"2021-07-20"	"AN-проекты 1 и 2 LOT120Kb"	"2836412.00 RMB"	"Китайский институт ядерных исследований"	"Ровен"	"Худо"
"91"	"CGN-20210430003-N1"	"2023-02-02"	"Проект модернизации центра управления чрезвычайными ситуациями (перезакупка)"	"7802381.77 RMB"	"China Tech"	"Джутенхуа"	"Чайна инжиниринг лимитед"
"92"	"CGN-20210506001"	"2021-07-07"	"Ремонт электростанции ""Гуанси"""	"9748248.00 CNY"	"China Construction Ltd."	"лояльность царя"	"Роливер"
"93"	"CGN-20210506003"	"2021-07-14"	"Первая централизованная закупка новой энергии ветряного производства в Китае в 2021 году (пункт 02)"	"CNY40899000.00"	"Проект: Первая централизованная закупка новой энергии ветряного производства в Китае в 2021 году (пункт 02)"	"Чайна энтропия"	"Чайна инжиниринг лимитед"
"94"	"CGN-20210506004"	"2021-07-14"	"Первый проект по ветряной электроэнергетике в Китае в 2021 году (пункт 03)"	"41510600.00 CNY"	"Deutsche Construction Group"	"Гуаньвеньцзе"	"Роливер"
"95"	"CGN-20210507001-N1"	"2021-08-10"	"Реконструкция проекта закупок (перезакупка) в Центре управления капитальным ремонтом в Янцзе"	"3702602.00 USD"	"China Tech"	"Янцзян энтерпрайз лимитед"	"Чайна инжиниринг лимитед"
"96"	"CGN-20210507003"	"2021-08-09"	"Установка установочной станции для строительства новой ветряной электростанции ""Хинси"", 35-кислотной линии электроснабжения и установкой коробки публичная"	"21552027.00 CNY"	"Сычуань: компания с ограниченной ответственностью за электроснабжение"	"Синьцзян"	"Чайна инжиниринг лимитед"
"97"	"CGN-20210510002"	"2021-06-11"	"1-й и 2-й группы BJ проекта LOT134Bd с низким давлением"	"24868600.00 RMB"	"Shanghai Apollo Mechanics"	"Льюис"	"Льюис"
"98"	"CGN-20210510003"	"2021-08-27"	"100 МВт проект строительства подстанции под давлением 110 кВ и монтаж и отправка линий электропередач"	"3336400702 RMB"	"Проект 110-километровой электрической установки и монтажа линий электропередачи в рамках проекта 110-кислойной фотоэлектрической электростанции 100 МВт в 3-х районах Китая, Хайси"	"ООО"	"Чайна инжиниринг лимитед"
"99"	"CGN-20210510004"	"2021-07-06"	"Сычуаньская лошадь с атомным ветряным электростанцией 110 кВ"	"26751402.00 RMB"	"Сычуань: компания с ограниченной ответственностью за электроснабжение"	"Чайна"	"Чайна инжиниринг лимитед"
"100"	"CGN-202105110002"	"2021-06-24"	"Проект BJ 1, 2-я группа LOT44Aa Обыкновенная стеночная труба сплавной стали"	"35369470.00 RMB"	"Вухань - компания с ограниченной ответственностью"	"Льюис"	"Чайна инжиниринг лимитед"
"101"	"CGN-202105110003"	"2021-07-07"	"60 МВт электрическая установка ветряной инженерной станции 60 МВт, строительство 35кВ-электрической линии"	"10193637.00 CNY"	"Синьцзян"	"Синьцзян"	"Чайна инжиниринг лимитед"
"102"	"CGN-20210513002"	"2021-07-06"	"100 МВт ветряная линия 3 и строительство 4-го проекта"	"11228392.00 RMB"	"Провинция Джилин"	"Цзилинь"	"Ли Хун"
"103"	"CGN-202105130005"	"2021-08-20"	"Синьцзян-Уйгурский проект по закупке ветряного оборудования"	"26800000.00 CNY"	"Синьцзян"	"Чайна хами"	"Чайна инжиниринг лимитед"
"104"	"CGN-202105130006-N1"	"2021-08-18"	"Объявления результатов генерального подряда (перезаказа) на EPC в фотоэлектрической зоне 3# в Хайси, провинция Цинхай"	"254985623.00 RMB"	"Инвесторы: компания с ограниченной ответственностью за проектирование в Янцзе"	"Чайна Хиросима"	"Чайна инжиниринг лимитед"
"105"	"CGN-202105140001"	"2023-02-07"	"Проект HLF по борьбе с бериллием"	"1,289,075.40 RMB"	"Шэньчжэнь"	"Джютенхуа"	"Чайна инжиниринг лимитед"
"106"	"CGN-20210514002"	"2023-02-07"	"Магнитный переключатель неядерного класса LOT101C для блока 1-2 проекта Бентампинга"	"3419380.00 RMB"	"Shanghai Stars"	"Лю"	"Джютенхуа"
"107"	"CGN-202105140003"	"2021-06-16"	"Закупка двух ветряных коробок Glindian"	"9580000.00 RMB"	"Электротехника"	"Цзилинь"	"Чайна инжиниринг лимитед"
"108"	"CGN-20210517001"	"2021-07-05"	"Закупка оборудования для компенсации за неустойку ветровой электрички в рамках проекта Glindian (CGN-20210517001) для определения проекта"	"1,780,000.00 RMB"	"Синьцзян"	"Цзилинь"	"Чайна инжиниринг лимитед"
"109"	"CGN-20210517003"	"2021-07-06"	"1-й и 2-й турбины LOT190K LOT190K"	"6047658.00 RMB"	"Shanghai Renault"	"Льюис"	"Чайна инжиниринг лимитед"
"110"	"CGN-202105170006"	"2021-07-15"	"EPC проект по созданию плавучих лазерных радиолокаторов для проекта морской ветровой энергетики Северного Китая и Китая"	"6770000.00 RMB"	"Китайский энергетический консорциум China Energy Building Group, China Institute of Electrical Design"	"Чайна энтропия"	"Чайна инжиниринг лимитед"
"111"	"CGN-202105170010"	"2021-08-06"	"200 МВт ветряная дорога, платформа, ветряная база и коробка"	"47942372.17 ¥"	"Joshiba строительная компания"	"郭蔷"	"Пенсильван"
"112"	"CGN-20210518001"	"2021-06-21"	"Закупка горячей трубки в монастыре (пункт 2: Закупка электрической трубки в монастыре) (заказ № CGN-CGN)"	"4310160.96 CNY"	"Nintendo Mechanics"	"белый"	"Роливер"
"113"	"CGN-202105180003"	"2021-06-30"	"Покупка промежуточного торнадо LOT111F в блоке 1 и 2 проекта тайвань"	"16771875.00 RMB"	"Great Wall Street Journal"	"Чэнь"	"Льюис"
"114"	"CGN-202105180004"	"2021-07-27"	"Закупка кабельного оборудования для проекта""Ветер"""	"13775859.00 ¥"	"Jiangsu Hong Co."	"Пенсильван"	"Чайна инжиниринг лимитед"
"115"	"CGN-202105180007"	"2021-06-16"	"Закупка оборудования для компенсации за неудобство в рамках проекта""Сычуань""(первый пункт: Закупка оборудования для компенсационных выплат"	"3500000.00 RMB"	"Electronics"	"Белый"	"Чжоу"
"116"	"CGN-202105180008"	"2021-06-16"	"Закупка оборудования для компенсационных выплат в рамках проекта""Сычуань""(пункт 2: Закупка оборудования для компенсационных выплат в монастыре)"	"1,558,000.00 RMB"	"Electronics Ltd."	"Белый"	"Чжоу"
"117"	"CGN-202105180010"	"2021-08-11"	"Закупка ветряных башен в монастыре (первый пункт: Закупка башни ветряной башни)"	"129035744.20 CNY"	"Китайская гидроэнергетическая компания IV"	"Белый"	"Роливер"
"118"	"CGN-20210519001"	"2021-07-20"	"Инсталляция башни ветровой башни (включая стальные перекрестки) в Южном Ланкау"	"9301886.00 ¥"	"Hyundai Engineering Services Ltd"	"тишина"	"Пенсильван"
"119"	"CGN-20210519002"	"2021-07-20"	"Первый этап проекта по проектированию ветровой электростанции ""Кхангган"" на Южном Лонг-Кау"	"¥8264150.00"	"Deutsche Construction Group"	"тишина"	"Пенсильван"
"120"	"CGN-20210519003"	"2021-07-20"	"Проект строительства ветряной электростанции ""Хинхен"" в Южном Лонг-Кау, Китай"	"16240000.00 ¥"	"Swiss Transport Environmental Technology Ltd."	"тишина"	"Пенсильван"
"121"	"CGN-20210519009"	"2021-07-07"	"Проект по твердке дорог в южном ветряном поле в районе Гуанси (пункт 2)"	"7583550.00 CNY"	"Сычуань"	"Саут-Ветер"	"Роливер"
"122"	"CGN-202105190010"	"2021-07-07"	"Проект по циркуляции дорог в южном ветряном поле в районе Гуанси (пункт 1) (заявочный номер проекта: CGN-202105190010)"	"13823064.00 CNY"	"Инжиниринг 2"	"Саут-Ветер"	"Чайна инжиниринг лимитед"
"123"	"CGN-202105190011"	"2021-06-30"	"Объяснение результатов в герметизированном клапане LOT45H в группе 1 и 2"	"834884.00 RMB"	"Shanghai Atom"	"Хуан"	"Льюис"
"124"	"CGN-202105190013"	"2021-08-06"	"200 МВт ветряной электрической линии и установкой коробки в пункте B"	"22300212.00 RMB"	"Summit New Energy"	"Chinas New Energy Co. Ltd."	"Чайна инжиниринг лимитед"
"125"	"CGN-202105190014"	"2021-08-06"	"200 МВт ветряной электрической линии и установкой коробки в пункте А"	"29717937.00 RMB"	"Сычуань"	"Chinas New Energy Co. Ltd."	"Чайна инжиниринг лимитед"
"126"	"CGN-202105190017"	"2022-01-10"	"Проект BJ LOT69 - системы постоянного тока и бесперебойной электропитания"	"28388636.00 RMB"	"Шэньчжэнь Шэньчжэнь"	"Ван Ши Мин"	"Худо"
"127"	"CGN-20210520004"	"2021-06-25"	"Закупка оборудования GIS на электростанции""Чжуншань"""	"1,535,000.00 RMB"	"Shanghai Singles Chart"	"Белый"	"Чжоу"
"128"	"CGN-20210521001"	"2021-07-22"	"Проект BJ No 1-2 для обычного острова LOT67 и низковольтных дисков BOP"	"20331027.00 RMB"	"Jiangmeral Electric"	"Ван Ши Мин"	"Худо"
"129"	"CGN-202105240001"	"2021-07-05"	"100 МВт ветряная платформа, база ветряной машины и база коробки (12)"	"27350000.00 ¥"	"Deutsche Construction Group"	"Лю Хун"	"Пенсильван"
"130"	"CGN-20210524002"	"2021-07-05"	"100 МВт ветряная дорога, платформа, ветряная база и коробка (13 ветров)"	"36601904.00 ¥"	"Ryfon Electric Engineering Group"	"Гирин"	"Чайна инжиниринг лимитед"
"131"	"CGN-202105240003"	"2021-08-11"	"Совместная закупка оборудования для штампов (первый пункт - закупка оборудования для шкафов в Джилиндае)"	"1,677,822.00 CNY"	"Siemens Electric Company"	"Цзилинь"	"Чайна инжиниринг лимитед"
"132"	"CGN-202105240004"	"2021-08-10"	"Первая совместная закупка оборудования для штампов (второй пункт - закупка оборудования для штамповки в городе Хинси)"	"151800720 CNY"	"SongTek"	"Чайна энтропия"	"Чайна инжиниринг лимитед"
"133"	"CGN-202105240006"	"2021-08-10"	"Первая совместная закупка основного оборудования в 2021 году (пункт 2: Закупка двух субпозиторных устройств)"	"4000000.00 RMB"	"Цзилинь"	"Цзилинь"	"Чжоу"
"134"	"CGN-202105240007"	"2021-06-30"	"Проект по циркуляции дорог в районе Гуанси"	"702500279 RMB"	"""Гуанси Юнчэн"""	"лояльность царя"	"Чайна инжиниринг лимитед"
"135"	"CGN-202105240011"	"2021-07-15"	"Генеральный контракт PC на проект по хостингу энергии CBD в новом районе Южно-Китайского моря, Вайхай"	"738100666.00 RMB"	"муниципалитет Су Чжунцзи"	"Чайна Янь"	"Чайна инжиниринг лимитед"
"136"	"CGN-20210525003"	"2023-02-07"	"Закупка системы предварительного мониторинга реакторов LOT104Ac в блоке 3, 4 и 2"	"1442751.00 RMB"	"Институт проектирования судов Вухань II (Институт 719 China Shipbuilding Group)"	"Ван"	"Джутенхуа"
"137"	"CGN-20210526003"	"2023-02-02"	"bлок 1, 2 LOT101N (общие острова и приборы BOP)"	"9680000.00 RMB"	"ZTE"	"Ляодан"	"Джутенхуа"
"138"	"CGN-20210526004"	"2021-08-26"	"Передача электроэнергии на новый завод компании ""Литейная фабрика"""	"$43,422,733.20"	"China Electric Co. Ltd."	"Появи"	"Желание строить"
"139"	"CGN-20210526008"	"2021-08-05"	"Закупка основного оборудования для замены набережной на пляже 茫崖5 (третий пункт: Закупка основного оборудования для замены набережной на пляж-5)"	"318000.00 RMB"	"Электротехника"	"белый"	"Чжоу"
"140"	"CGN-20210527001"	"2021-07-14"	"Объекты BJ 1 и 2 LOT44Ae Обыкновенная сплавная сталь и трубы для трубок для трубки для трубки"	"26271500.00 RMB"	"Тяньцзинь Цзинь"	"Льюис"	"Чайна инжиниринг лимитед"
"141"	"CGN-20210527002"	"2021-06-30"	"Покупка временного погрузчика LOT111F для проекта BJ 1 и 2"	"16611875.00 RMB"	"Great Wall Street Journal"	"Чэнь"	"Льюис"
"142"	"CGN-20210527003-N1"	"2021-10-27"	"Закупка оборудования для автоматической прошивки (пункт I)"	"17716705.00 CNY"	"Lybao Sound Engineering (Шанхай) Ltd."	"Янфи"	"Чайна инжиниринг лимитед"
"143"	"CGN-20210527004-N1"	"2021-10-27"	"Закупка оборудования для автоматического розыгрыша (точка 2)"	"13308462000 CNY"	"Lybao Sound Engineering (Shanghai) Ltd."	"Янфи"	"Чайна инжиниринг лимитед"
"144"	"CGN-20210528002"	"2021-07-16"	"Проект BJ LOT130P"	"6815123.02 RMB"	"Jong Kong New Materials"	"Кок"	"Льюис"
"145"	"CGN-202105280004"	"2021-07-29"	"Ветряный коммутатор LOT12B CI-BOP для проекта BJ 1 и 2"	"13980000.00 RMB"	"Ведущий @Jiangang Hong Kong"	"Льюис"	"Ли Вэй"
"146"	"CGN-202105310006"	"2022-01-10"	"Контейнер давления для реактора LOT120A (блок 5 и 6)"	"120713600.00 RMB"	"Первая китайская тяжелая машиностроительная компания"	"Лю Чжи"	"Худо"
"147"	"CGN-202105310007"	"2022-01-10"	"Паровые генераторы группы BT 5 и 6 LOT120B"	"32328320.00 RMB"	"Shanghai Electric Co. Ltd."	"Худо"	"Худо"
"148"	"CGN-202105310011"	"2021-08-12"	"Закупка оборудования AIS на открытом воздухе №5"	"920400.00 RMB"	"Sredniy Marker"	"Белый"	"Li Hun"
"149"	"CGN-202105310012"	"2021-07-14"	"Теплообменник LOT130Ac, группа HLLF проекта 5 и 6 (запрос No CGN-202105310012)"	"94480000.00 RMB"	"Shanghai Electric Electronics Television"	"Сюй"	"Льюис"
"150"	"CGN-202106010004"	"2021-07-15"	"Проект 50.8 МВт дорог, платформ, ветряной базы и коробки (№ CGN)"	"35270816.00 ¥"	"Heroon Jiangian строительная компания"	"郭蔷"	"Пенсильван"
"151"	"CGN-202106010005-N2"	"2021-11-04"	"Реконструкция главного завода L1 в Большом заливе (третий тендер)"	"1260800.00 RMB"	"Гуандун АЭС лтд."	"летние моря"	"Желание строить"
"152"	"CGN-202106010008"	"2021-08-16"	"Закупка наружного оборудования для штампов (третий пункт - Закупка шкафов для штампов)"	"1,760,620.00 CNY"	"China Electric Company"	"Белый"	"Чайна инжиниринг лимитед"
"153"	"CGN-202106010009"	"2021-08-12"	"480 МВт в топ-проекте 480 МВт"	"8080000.00 RMB"	"Китайская энергетическая корпорация Юньнань"	"Китайская атомная кухня"	"Чайна инжиниринг лимитед"
"154"	"CGN-202106020001"	"2021-08-12"	"Закупка оборудования для компенсации за неработанные работы в рамках проекта""Сибирь"",""Ветер""(первый пункт - закупка оборудования для компенсации за неработанные работы)"	"2646000.00 RMB"	"Источник: Электроника Ltd"	"Покупатель: China New Energy Ships Ltd"	"Консорциум: Белый"
"155"	"CGN-20210607001"	"2021-07-22"	"Проект BJ I в рамках проекта LOT120H"	"14470000.00 RMB"	"Проект""Чжэцзян"", проект 1 и блок 2 LOT120H"	"Худо"	"Рязань"
"156"	"CGN-20210607002"	"2023-02-02"	"Устройство для мониторинга концентрации водорода в защищенной оболочке корпуса LOT101T"	"6138000.00 RMB"	"Китайский судостроительный институт 718"	"Джютенхуа"	"Джевтенхуа"
"157"	"CGN-20210608003"	"2023-02-02"	"Проект BJ по обслуживанию строительного мусора (2021 - 2024 годы)"	"2722900.00 RMB"	"Риг"	"Лю Гуандун"	"Джутенхуа"
"158"	"CGN-20210609001-N1"	"2021-08-24"	"Установка топливного запаса группы BJ 1, 2 LOT123C (перезакупка)"	"51700000.00 RMB"	"Grand-Kambo"	"Льюис"	"Фаньюуго"
"159"	"CGN-20210609005"	"2021-08-12"	"Проект ""Яньцзян"""	"12988000.00 CNY"	"Инжиниринг ""Цзянсу"""	"Маори"	"Лю Цзянь"
"160"	"CGN-20210609007"	"2021-07-20"	"Ветерная станция проекта ""Скорпион"" и строительство электрической линии"	"28698268.00 RMB"	"Сычуань: компания с ограниченной ответственностью за электроснабжение"	"Сьюдад энтерпрайз"	"Ли Хун"
"161"	"CGN-20210610003"	"2021-08-03"	"Закупка первого сегмента 2021 года Устройства SEO 2021 (Конференция No CGN-CGN)"	"3110000.00 CNY"	"SandongTai Transformer"	"Китайская энергетическая компания Хэйлун"	"Чайна инжиниринг лимитед"
"162"	"CGN-202106110001"	"2021-08-12"	"8 башни в Северном Китае"	"11474336.00 RMB"	"Zong Island"	"2-я ветряная электроэнергия в штате Кангуа"	"Чайна инжиниринг лимитед"
"163"	"CGN-202106110005"	"2021-08-03"	"Первая консолидированная закупка в 2021 году 1-й пункт 1. Закупка франчизы 2."	"2678000.00 CNY"	"Рейтинг: China Shipping Hong Kong"	"Консорциум: Белый"	"Роливер"
"164"	"CGN-20210615001"	"2021-09-10"	"Закупки по генеральному подряду на EPC для распределенных ветровых электростанций в Суньчуе (заказ No CGN-20210615001) для определения проекта"	"399300000.00 RMB"	"Китайский совет по электроинженерии"	"Тишина"	"Чжоу"
"165"	"CGN-20210615002"	"2021-08-03"	"Ветроэnergetika dlya bednixh i sektor Hinsy (regio Cingzi)"	"40818585.00 CNY"	"Hong Kong"	"Китайская компания по производству новой энергии"	"Чайна инжиниринг лимитед"
"166"	"CGN-20210615003"	"2021-07-22"	"BJ Project 1, 2-я группа LOT130D NI-фильтры"	"9800000.00 RMB"	"Hong Kong New Energy Engineering"	"Чжан"	"Льюис"
"167"	"CGN-202106150004-N1"	"2022-01-10"	"Проект BJ LOT120Ka Инструмент для повески"	"20988400.00 RMB"	"Sandong"	"Лю Чжи"	"Худо"
"168"	"CGN-20210616002"	"2022-01-10"	"Проект BJ 1 и проект 2 LOT88Aa"	"22357557.12 RMB"	"China Super Electric Company"	"Чжан"	"Худо"
"169"	"CGN-202106160003"	"2022-01-10"	"Электрооборудование общего назначения на предприятии LOT88Ab по проекту BJ 1 и 2"	"21887398.23 RMB"	"Great Airways"	"Чжан"	"Худо"
"170"	"CGN-202106210003"	"2021-07-27"	"Кабели для первого этапа - закупка двух кабелей ветровой электростанции в Джилине"	"8210540.00 ¥"	"Победитель @Red Flag Co."	"Гирин"	"Чайна инжиниринг лимитед"
"171"	"CGN-202106210007"	"2021-07-28"	"Первая совместная закупка оборудования для замены коробок (второй пункт - Закупка оборудования для замены коробок 2 в компании Guinsey)"	"5995000.00 RMB"	"China Electric Company"	"Китайская компания по производству новой энергии"	"Чайна инжиниринг лимитед"
"172"	"CGN-202106210011"	"2021-10-19"	"Устройство для измерения гамма-спектрометрия в бочках отходов LOT130Ud в блоке 1 и 2 проекта"	"3170400.00 RMB"	"Институт проектирования судов Вухань II (Институт 719 China Shipbuilding Group)"	"Вайонкон"	"Чайна инжиниринг лимитед"
"173"	"CGN-202106210012"	"2021-08-03"	"20 МВт ветроэнергетического проекта ECP"	"115927438.22 CNY"	"Контролер @liuyuxuan (""Китайская энергетическая компания""Хэйлун"")"	"Роливер"	"Лю Ху"
"174"	"CGN-202106210013"	"2021-08-03"	"30 МВт ветровой строительный проект EPC"	"176364173.00 CNY"	"Контролер @LiuYuXuan"	"Китайская ядерная новая энергетика / Лю Ху"	"Чайна инжиниринг лимитед / Роливер"
"175"	"CGN-202106220001"	"2021-08-11"	"Первая совместная закупка кабеля в 2021 году (второй пункт) (закупка кабеля на асфальтированной электростанции""Цинхай"")"	"11554580.00 ¥"	"Angel Kano Co."	"Белый"	"Пенсильван"
"176"	"CGN-20210620002"	"2021-08-06"	"Проект BJ No 1, блок No 2 LOT12C (Холодная группа BOP)"	"4661440.00 RMB"	"Партнеры: China's Environmental Systems"	"Льюис"	"Кок"
"177"	"CGN-20210624002"	"2021-07-29"	"Станции LOT6 в блоке BJ 1 и 2"	"14810000.00 RMB"	"Вуханьхинда"	"Чэнь"	"Льюис"
"178"	"CGN-202106240004"	"2021-08-11"	"200 МВт 8-й ветровой электростанции в зоне B восьмого ветряного моста в Китае, платформа, база ветряной машины, база коробки и участком проекта А Центра мониторинга"	"36398926.00 CNY"	"Внутренняя Монголия"	"2-я ветряная электроэнергия в штате Кангуа"	"Чайна инжиниринг лимитед"
"179"	"CGN-20210625001"	"2021-08-16"	"100 МВт проектная установка 110 кВ для комбинированной системы автоматизации микрокомпьютеров на станциях подъема"	"1,501,000.00 CNY"	"Нанкинская корпорация по техническому обслуживанию"	"садовник"	"Чайна инжиниринг лимитед"
"180"	"CGN-202106290002"	"2023-02-02"	"Проект 1, 2 и LOT101H (химический анализ)"	"11077680.00 RMB"	"China Automation"	"Джютенхуа"	"Чайна инжиниринг лимитед"
"181"	"CGN-20210629003"	"2022-01-10"	"Проект BJ 1 и 2 LOT82A для обычных островов и осветительных приборов BOP"	"965805.00 RMB"	"鸿"	"Шен"	"Худо"
"182"	"CGN-20210629004"	"2021-08-10"	"Сычуань Сычуань, Сычуань, Сычуань, Сюань Сюань и Кунцзяо (первый кусочек кача, закупка мощного оборудования)"	"2330000.00 RMB"	"Electrotech"	"Чайна"	"Чайна инжиниринг лимитед"
"183"	"CGN-20210629005"	"2021-08-16"	"Закупка электрического локомотива (закупка 2-го крыла)"	"215000.00 RMB"	"Харбинская компания с ограниченной ответственностью"	"Сьюдад энтерпрайз"	"Чайна инжиниринг лимитед"
"184"	"CGN-20210630001"	"2021-08-10"	"Генеральный контракт на проект «ЕПК» по производству фотоэлектрической энергии, дополняющей гидроэлектроэнергию в Хинто, Китай"	"21256300163 RMB"	"Китайский энергетический консорциум China Energy Building Group, China Institute of Electrical Design"	"Чайна Хиросима"	"Чайна инжиниринг лимитед"
"185"	"CGN-202107020002"	"2021-08-09"	"Совместная закупка оборудования для замены коробок (первый пункт)"	"12148516.00 ¥"	"SandongTek"	"Белый"	"Пенсильван"
"186"	"CGN-202107020003"	"2021-08-17"	"Приобретение второго оборудования для смены коробок (второй пункт - белая коробка в провинции Хунань)"	"5394918.00 ¥"	"China Electric Company"	"Пенсильван"	"Чайна инжиниринг лимитед"
"187"	"CGN-202107020004"	"2021-08-17"	"Совместная закупка оборудования для замены коробки (третий пункт Закупка оборудования для замены коробки на бамбука с лукавой лукой лукой) (заказ на тендер)"	"5830200.00 ¥"	"Ведущий @SandongTek"	"Гуй-Ветер"	"Пенсильван"
"188"	"CGN-202107020005"	"2021-08-02"	"Покупка электрического электрического кабеля Цзянси в Китае"	"1 898 247,50 ¥"	"Лянанцео Новая энергетическая технология"	"Синьхуа"	"Пенсильван"
"189"	"CGN-20210705002"	"2021-10-19"	"Проект установки тепловых установок в Институте ядерных исследований Китая и Китая LOT14B Личная доза и система управления входом в зону контроля"	"3845030.00 RMB"	"компания с ограниченной ответственностью за использование ядерных приборов в горах"	"Вайонкон"	"Чайна инжиниринг лимитед"
"190"	"CGN-20210705004"	"2021-09-15"	"100 МВт ветроэнергетического проекта с высоким давлением в шкафах"	"2030723.00 RMB"	"Santone Telecom"	"садовник"	"Ли Хун"
"191"	"CGN-202107060003"	"2021-08-23"	"61,2 МВт ветряная машина для проекта 61,2 МВт, башни для подвески"	"1066363.00 RMB"	"Производитель"	"Китайская компания по производству новой энергии"	"Ли Хун"
"192"	"CGN-20210706005"	"2021-08-12"	"8-я ветряная станция B сектора B проекта 200 МВт в Китае"	"14420000.00 RMB"	"Проект: 8-я ветряная станция B сектора B проекта 200 МВт в Китае"	"2-я ветряная электроэнергия в штате Кангуа"	"Чайна инжиниринг лимитед"
"193"	"CGN-20210706006"	"2021-08-12"	"200 МВт 8-й ветровая ферма B сектора B на китайском мосте"	"RMB000.00414, 78, $"	"Анда (@guoqiang-sedc)"	"Чжоу"	"Чайна инжиниринг лимитед"
"194"	"CGN-20210706007"	"2021-08-23"	"совместная закупка оборудования для замены глифосата"	"218620560.00 RMB"	"SandongTek"	"Белый"	"Чжоу"
"195"	"CGN-2021070003"	"2021-08-16"	"Покупка основного оборудования в Цзянси"	"1837700.00 RMB"	"Jiangsu Huawei"	"Синьхуа"	"Чайна инжиниринг лимитед"
"196"	"CGN-20210707004"	"2021-10-15"	"50 МВт опционный фотоэлектрический проект EPC"	"181978650.00 ¥"	"China Electric Co. Ltd."	"郭"	"Пенсильван"
"197"	"CGN-20210707006"	"2021-08-11"	"35-километровая линия электропередачи и установка решетки B на участке 200 МВт восьмого ветроэнергетического комплекса ""Северный мост"""	"8395521.00 ¥"	"Производитель"	"郭蔷"	"Пенсильван"
"198"	"CGN-20210707007"	"2021-08-16"	"100 МВт ветряная электрическая погрузка на 100 МВт в Китае иллюстрирует результаты в первом пунке проекта"	"5620000.00 RMB"	"Проект ""Джилинда"""	"Лю Ху"	"Чжоу"
"199"	"CGN-20210707008"	"2021-08-16"	"100 МВт ветряная электрическая погрузка на 100 МВт."	"13160000.00 RMB"	"Проект: 100 МВт второго сегмента проекта по подвеске ветряной электростанции""Джилинда"""	"Лю Ху"	"Чжоу"
"200"	"CGN-20210707009"	"2021-08-16"	"3-й пункт проекта по подвеске 100 МВт ветряной электростанции"	"$14,322,000.01"	"Deutsche Construction Group"	"Лю Ху"	"Чжоу"
"201"	"CGN-20210708001"	"2021-08-24"	"Углеродные стальные трубы класса LOT140Cf для блока LF проекта 5 и 6"	"26499631.00 RMB"	"Синьцзян"	"Ли Вэй"	"Льюис"
"202"	"CGN-20210708002"	"2021-10-08"	"110kV GIS в комплекте 110kV"	"2881500.00 RMB"	"Santone Tencent"	"садовник"	"Ли Хун"
"203"	"CGN-202107120012"	"2021-08-26"	"Проект 1 и 2 группы BJ LOT130Ub и сухой компрессоры"	"10588500.00 RMB"	"Покупатель (""Дженерал ко."")"	"Сун"	"Льюис"
"204"	"CGN-202107120016"	"2021-08-24"	"200 МВт Интегрированная микрокомпьютерная автоматизация ветроэнергетического поля 200 МВт"	"2398000.00 CNY"	"Партнеры: Нанкинская корпорация по техническому обслуживанию"	"садовник"	"Чайна инжиниринг лимитед"
"205"	"CGN-202107130001"	"2021-08-26"	"Совместная закупка третьего оборудования для замены ящиков в 2021 году (первый этап -""Зума"", закупки оборудования для замены ящиков)"	"607300110 RMB"	"China Electric Company"	"Чайна"	"Чайна инжиниринг лимитед"
"206"	"CGN-202107130007"	"2021-08-18"	"110 киловаттной ветряной станции, установка оборудования и конструкция 35 киловаттных линий электропередачи на участке"	"21935100.00 CNY"	"Jiang Western Dong"	"Синьхуа"	"Роливер"
"207"	"CGN-202107130011"	"2021-08-24"	"110 кВ в рамках проекта распределенной ветровой электропередачи в Китай и Гуань-эн-эн-эн-эн-эн-эн-эн-эн-эн-эн-эн-эн-эн-эн-эн-эн-эн-эн-эн-эн-эн-эн-эн-эн-эн-эн-эн-эн-эн-эн-эн-эн-эн-эн-эн-эн-эн-эн-эн-эн-эн-эн-эн-эн-эн-эн-эн-эн-эн-эн-эн-эн-эн-эн-эн-эн-эн-эн-эн-эн-эн-эн-эн-эн-эн-эн"	"14019387.00 CNY"	"Jiang Western Dong"	"Синьхуа"	"Чайна инжиниринг лимитед"
"208"	"CGN-202107130017"	"2021-10-13"	"Слияние второго кабеля в 2021 году в третьем пункте"	"6459700.00 CNY"	"Angel Kano Co."	"Китайская энергетическая компания Хэйлун"	"Роливер"
"209"	"CGN-202107130020"	"2021-10-13"	"2021 г. Закупка второго кабельного комбината 2021 г"	"11356840.00 CNY"	"Angel Kano Co."	"Китайская компания по производству новой энергии"	"Чайна инжиниринг лимитед"
"210"	"CGN-202107130021"	"2021-08-26"	"Устройство для станков LOT20A (запрос No CGN-202107130021) в блоке BJ проекта 1 и 2"	"9225000.00 RMB"	"Hong Kong New Energy Engineering"	"Льюис"	"Чжоу Вэй"
"211"	"CGN-202107140001"	"2022-08-24"	"Первая консолидированная закупка комплексной автоматизированной системы в 2021 году (второй пункт) - комбинированная автоматизация 56,1 МВт ветроэнергетических проектов"	"2262480.00 RMB"	"Нанкинская корпорация по техническому обслуживанию"	"Садовник"	"Ли Хун"
"212"	"CGN-20210715002"	"2021-08-26"	"Совместимая закупка оборудования для компенсации неустойчивости во время второго периода 2008-2009 годов (северный номер; 2-й выпуск)"	"2 720 000.00 ¥"	"Электрическая компания"	"Пенсильван"	"Чайна инжиниринг лимитед"
"213"	"CGN-20210719001"	"2021-08-24"	"Регулирующий клапан и аутентификационный эксперимент по проекту основного приложения"	"5100920.00 RMB"	"Тест"	"Чжан"	"Льюис"
"214"	"CGN-202107210002"	"2021-09-08"	"Четвертое совместное закупка кабеля в 2021 году (первый пункт: кабель в северной части штата Ганьгуа)"	"15067900.00 ¥"	"Владелец: ограниченное акционерное акционерское общество Хэбэй"	"Пенсильван"	"Чайна инжиниринг лимитед"
"215"	"CGN-202107210004"	"2023-02-02"	"Проект оборудования для входа в блок 1 и 2 проекта""Тайпинс"""	"19456370.00 RMB"	"Шэньчжэнь"	"Ляодан"	"Джутенхуа"
"216"	"CGN-202107210007-N1"	"2023-02-01"	"Проект по тестированию качества третьей стороны (перезакупка)"	"3553370.00 RMB"	"Сертификация по тестированию Sussellco"	"Джютенхуа"	"Рязани"
"217"	"CGN-20210720001"	"2021-09-14"	"Ветряная погрузка в рамках проекта распределенной ветровой электропередачи (CGN-202107220001) для определения победителя проекта"	"8944000.00 RMB"	"Установка инженера"	"Синьхуа"	"Чайна инжиниринг лимитед"
"218"	"CGN-20210723002"	"2021-09-10"	"Проект EPC с 80 МВт фотоэлектрической установкой CGN-20210723002 для определения участника проекта"	"264833493.00 CNY"	"Jianzsu Solar Engineering Ltd."	"Белая Японская энергетика"	"Чайна инжиниринг лимитед"
"219"	"CGN-202107280008-N1"	"2023-02-01"	"Проект 1 и 2 LOT102E (Атомный и обычный островной вспомогательный контроль)"	"5490270.00 RMB"	"Шэньчжэнь"	"Ван"	"Джютенхуа"
"220"	"CGN-20210729001"	"2021-10-15"	"Проектирование проекта по производству медицинских изотопов на ускорителях, которые могут быть изготовлены из спирулина"	"2 205 981.00"	"Изотопные технологии (Гяньян)"	"Ли Чжи"	"Лю По"
"221"	"CGN-20210729003"	"2021-10-14"	"Project BJ Benjjang LOT45A (ordinary locomotives on the island)"	"7438612.00 RMB"	"Investors: Emerson Management (Tianjin) valves"	"Huang"	"Lewis"
"222"	"CGN-20210730002"	"2023-02-02"	"Проект HLF""Горячевина"", проект ""Строительство дорожных комплектов"" и проект ""Комплексные насосные сооружения"""	"117324022.06 RMB"	"ZTE AG"	"Джутенхуа"	"Организация Объединенных Наций: Джутенхуа"
"223"	"CGN-202108020002"	"2021-09-26"	"Проект LOT134Ga Лот 134G Ядерный центробежный насос и струйный генератор уровня 3 (номер тендера: CGN-202108020002)"	"10170000.00 RMB"	"Zong Kong Co."	"Льюис"	"Льюис"
"224"	"CGN-20210803002"	"2021-09-24"	"39,9 МВт ветряное оборудование для комплексной автоматизации"	"1,178,000.00 ¥"	"Nanjin Automation"	"Синьхуа"	"Чайна инжиниринг лимитед"
"225"	"CGN-20210804005"	"2021-10-18"	"Генеральный контракт на закупку фотоэлектрического фотоэлектрического комплекса 60 МВт"	"¥85186383.00"	"Внутренняя Монголия"	"guoliangliang"	"Роливер"
"226"	"CGN-20210805005"	"2021-10-27"	"Китайско-китайский проект""Энергоснабжение в целях сокращения масштабов нищеты""(2 млн. кВт в правой центральной части Кофе)"	"¥31290000.00"	"Deutsche Construction Group"	"Синьхуа"	"Пенсильван"
"227"	"CGN-20210805006"	"2021-10-27"	"Китайско-китайский проект""Энергоснабжение в целях сокращения масштабов нищеты""(2 млн. кВт в правой центральной части Кофе)"	"¥31198200.00"	"Контролер: компания с ограниченной ответственностью за проект строительства венского здания в провинции Хэйлунцзян"	"Синьхуа"	"Чайна инжиниринг лимитед"
"228"	"CGN-20210805007"	"2021-10-27"	"Китайско-китайский проект""Энергоснабжение в целях сокращения масштабов нищеты""(2 млн. кВт в правой центральной части Кофе)"	"30576000.00 ¥"	"Инжиниринг Инжиниринг"	"Синьхуа"	"Чайна инжиниринг лимитед"
"229"	"CGN-20210805008"	"2021-09-08"	"Доклад о технико-экономическом обосновании проекта строительства морской ветряной электростанции ""Цзянцзян"", Китай"	"35300000.00 ¥"	"Китайский энергетический консорциум China Energy Building Group, China Institute of Electrical Design"	"Ван И"	"Пенсильван"
"230"	"CGN-20210805009"	"2021-09-13"	"Закупка оборудования для комплексной системы автоматизации ветроэнергетики"	"1 670 000.00 ¥"	"Разработчик: Songsong Automotive"	"Контактное лицо: Бытие"	"Контактное лицо: Пенсильван"
"231"	"CGN-202108050011"	"2021-10-15"	"Проект по производству кустарников на юге Китая (номинация № CGN)"	"¥82668669.00"	"Anteko Energy Environmental Company, Шэньчжэнь"	"Бытие"	"Пенсильван"
"232"	"CGN-202108050012"	"2021-10-15"	"2021 год 2-я серия сборок нового энергоносителя собрала 01 участок в рамках проекта по изготовлению кустарного кустарника"	"451604643.84 ¥"	"Lonk Green Energy"	"Бытие"	"Пенсильван"
"233"	"CGN-202108050013"	"2022-01-25"	"02-й проект по переработке сухого водорода. Второй по величине ретрансформаторный проект 02-го сорта саентзи-си-сити (№ CGN-202108050013)"	"6997200.00 CNY"	"Чиновник: Цифровая компания Шэньчжэнь"	"садовник"	"Роливер"
"234"	"CGN-202108050015"	"2021-10-18"	"2021 г. - 2-я серия 02-й проект по добыче новых источников энергии (заказ № CGN-202108050015)"	"15352000.00 CNY"	"Jiangsu Slue Electric"	"садовник"	"Роливер"
"235"	"CGN-20210806002"	"2022-01-25"	"Закупка оборудования для ветрогенератора ветроэнергетического поля мощностью 480 МВт (заказ № CGN-20210806002) для определения настоящего"	"933465000.00 CNY"	"Шанхайская электроэнергетическая компания"	"Китайская атомная кухня"	"Чайна инжиниринг лимитед"
"236"	"CGN-20210806003"	"2022-08-26"	"180 МВт ветряное электрогенераторное оборудование на 180 МВт ветряной электростанции в Массачусетсе, провинция Китай"	"401625000.00 CNY"	"Инвесторы"	"Синьхуа"	"Роливер"
"237"	"CGN-20210809003"	"2022-01-10"	"Блок 1 и блок 2 LOT78Cb Системы передачи данных"	"7690753.00 RMB"	"Western Dong Telecom"	"Чжао Чжи"	"Худо"
"238"	"CGN-20210810005"	"2023-02-02"	"Проект по вторжению оборудования в блок 1 и 2"	"12188000.00 RMB"	"Шэньчжэнь"	"Джютенхуа"	"Ляодан"
"239"	"CGN-20210810007"	"2021-09-14"	"Синьцзян-Уйгурский проект 10 МВт ветроэлектроэнергетики"	"$1980100873"	"Сычуань: компания с ограниченной ответственностью за электроснабжение"	"джентльмен"	"Чжоу"
"240"	"CGN-2022"	"2021-10-21"	"Закупка отопительного топлива в районе Сен-Бэй, 2021 - 2022 годы, Департамент по проектам ""Красная река"""	"2 013 999.00 RMB"	"Внутренняя Монголия и компания с ограниченной ответственностью"	"Джутенхуа"	"Чайна инжиниринг лимитед"
"241"	"CGN-202108120003"	"2021-09-15"	"Устройства для тары LOT130X для серии LOT130X (запрос № CGN-202108120003) для определения участника проекта."	"1 800 000.00 RMB"	"Партнеры Северо-восточная гора"	"Чжан"	"Чжан Хуэй"
"242"	"CGN-202108130001"	"2021-10-14"	"Проект Gong LF LOT42A Блок конденсационных насосов и насосов с низким уровнем шума"	"9499300.00 RMB"	"Shanghai Electric Cessbie Atoms Co."	"Льюис"	"Чайна инжиниринг лимитед"
"243"	"CGN-202108130002-N1"	"2021-10-29"	"Проект LOT134Gb для неядерных центробежных насосов (перезакупка)"	"4621038.00 RMB"	"Angeles Telecom Co. Ltd."	"Льюис"	"Чайна инжиниринг лимитед"
"244"	"CGN-CGN"	"2021-10-25"	"Проект расширения основных систем Центра деятельности персонала"	"2800020.83 RMB"	"Гран-Лик тектониз инжиниринг лимитед"	"Ляонин Красный Поток"	"Желание строить"
"245"	"CGN-202108130004"	"2021-10-12"	"Приобретение и установка кухонного оборудования в ресторане ""Хьюлетт"""	"6182008.52 RMB"	"Шэньчжэнь"	"Сун"	"Лю По"
"246"	"CGN-202108160001"	"2021-11-04"	"Закупка оборудования и технических услуг по ремонту ворот на некоторых электростанциях в Большом заливе"	"3180000.00 RMB"	"Jiangsu Kong Co. Ltd."	"Ян Хун"	"Желание строить"
"247"	"CGN-20210816003"	"2022-01-10"	"Насосы для охлаждения реакторов блока BT 5 и 6"	"604795000.00 RMB"	"Harbin Electric Power Company"	"Джокингуи"	"Худо"
"248"	"CGN-20210817001"	"2023-02-01"	"Проект LOT130Id TES бетонная система управления твердыми линиями"	"2 216 909.00 RMB"	"Шэньчжэнь"	"Организация Объединенных Наций: Джутенхуа"	"Организация Объединенных Наций: Тэнхун"
"249"	"CGN-202108170004"	"2022-06-23"	"50 МВт ветряное электрогенераторное оборудование, закупленное в Китае"	"120000000.00 CNY"	"Синьцзян"	"Ветроэнергетическая компания"	"Роливер"
"250"	"CGN-202108180007-N2"	"2022-02-15"	"3-й тендер на закупку оборудования для комбинированной модификации трансформатора CTE на станциях CGN-20210818007-N2 для определения"	"2346687.00 ¥"	"International"	"Go"	"China and China New Energy Sound"
"251"	"CGN-20210819002"	"2021-09-26"	"Проект BJ LOT101Dc Область для ядерного острова (номер тендера: CGN-20210819002)"	"1628000.00 RMB"	"Зонг Исландия Герои"	"Сюй"	"Льюис"
"252"	"CGN-20210819003"	"2021-10-27"	"Project LF LOT150Bb (Chilled Capacity NI-DEL)"	"35151800.00 RMB"	"Don Hampshire (China) Industrial Company"	"Mauli"	"Льюис"
"253"	"CGN-202108230005"	"2021-10-08"	"Закупка трех башенных башен в Чжэцзян-си-Ханьси (проект торгов: CGN-202108230005)"	"14304609.25 RMB"	"Проект: Закупка трех башен""Цзянси"""	"Приглашение:Чжоу Янь"	"Агент по торгам:Чайна инжиниринг лимитед"
"254"	"CGN-20210824002"	"2021-10-15"	"Покупка электрического кабеля в Чжэцзян"	"739402700.00 ¥"	"Nintendo Mechanics"	"Белый"	"Пенсильван"
"255"	"CGN-202108240011"	"2021-10-13"	"110 МВт, 110 МВт, закупка шкафов с высоким давлением"	"253729.00 RMB"	"Siemens Electric Company"	"Садовник"	"Ли Хун"
"256"	"CGN-202108310002"	"2021-10-19"	"Проект LF LOT140Ca для плавучих труб с нержавеющей стали"	"$35,126,413.36"	"ZTE"	"Льюис"	"Чайна инжиниринг лимитед"
"257"	"CGN-202109010003"	"2021-10-20"	"Проект по закупке, установке и проектированию кухонного оборудования в ресторане в районе Уйчжоу"	"2120984182 RMB"	"Шэньчжэньская компания ""Шэньчжэн"""	"Сун"	"Лю Цзянь"
"258"	"CGN-202109010010"	"2021-10-25"	"Рамочное предложение по закупке опасных отходов для компании""НОВЭН"""	"149000000.00 RMB"	"Zong County, Zong"	"Сюй Юй"	"Ли Хун"
"259"	"CGN-202109010011"	"2022-01-25"	"Закупка кабелей с пониженным давлением в 40 штольных кабелях в регионе Си-си (заказ No CGN-202109010011)"	"2663980.00 CNY"	"Hong Kong"	"Компания с ограниченной ответственностью за новые источники энергии в Пхеньяне"	"Чайна инжиниринг лимитед"
"260"	"CGN-202109020001"	"2021-10-28"	"ЦЕНТР""Чжоу"" закупил оборудование для центра УНИТА по контролю за сбором и установил контрольные закупки"	"8960650.00 RMB"	"China Tech"	"Синьхуа"	"Ли Хун"
"261"	"CGN-20210903002"	"2022-07-13"	"Группа LOT47 (обычная антенна на острове)"	"36500000.00 CNY"	"Hongkong Huawei"	"Чейнджонминг"	"Ликсианпин"
"262"	"CGN-20210903005"	"2022-01-10"	"Шафты для конфигурирования на стандартных островах и в BOP для блока 1, 2 проекта BJ"	"26891060.00 RMB"	"ABB"	"Ван Ши Мин"	"Худо"
"263"	"CGN-20210906003"	"2022-01-10"	"Проект BT 5-6"	"109,390,000.00 RMB"	"Китайская первая тяжёлая машиностроительная компания"	"Худо"	"Рязань"
"264"	"CGN-20210906005"	"2021-11-05"	"Проект Янцзы в сочетании с проектом LOT12D (оборудование для отопления)"	"6780000.00 RMB"	"Ведущий @Jiangang Hong Kong"	"Маули"	"Льюис"
"265"	"CGN-20210907001"	"2021-10-15"	"08H - геоинженерное обследование и технические консультативные услуги"	"1320000.00 RMB"	"Китайский институт дизайна юго-западной съемки"	"Ли Чуань"	"Желание строить"
"266"	"CGN-20210908001"	"2023-02-01"	"Проект BJ 2021-2024"	"50645748.81 RMB"	"Китайская ядерная промышленность 23 строительства"	"Хан не смеется"	"Джутенхуа"
"267"	"CGN-20210908002"	"2022-07-13"	"Закупка теплового коммутатора SRI для системы LOT41Cb SRI в рамках проекта China LF (No. CGN-20210908002)"	"7602000.00 CNY"	"Северо-восточная гора"	"Ли Кэнпинг"	"Чайна инжиниринг лимитед"
"268"	"CGN-20210910004"	"2021-10-18"	"Закупка (перезакупка) проекта по приобретению энергии Цзянси"	"9599689.00 ¥"	"Partners: Tyzing Electronics Ltd. and Tyzing Smart Sun Technologies Ltd."	"Синьхуа"	"Пенсильван"
"269"	"CGN-202109130004"	"2021-10-18"	"Покупка оборудования для бесшумной шины в Синьхуа"	"1,352,900.00 ¥"	"Sandong-Tek Electric"	"Белый"	"Пенсильван"
"270"	"CGN-20210913005"	"2023-02-01"	"Генерация проектных работ по расширению водоёмов"	"14881155.48 RMB"	"Китайское агентство строительства II"	"Льюис"	"Джутенхуа"
"271"	"CGN-20210914003"	"2021-11-04"	"72,6 МВт ветроэнергетический проект в Гуанси-Синьцзян-Уньцзян-Уйгурском автономном районе и проект по проектированию с одновременным интервальным отбором среди участников проекта"	"41303267.00 RMB"	"Guangzing Horry Electric"	"Чайна энтропия"	"Чайна инжиниринг лимитед"
"272"	"CGN-202109140004"	"2022-03-04"	"Закупка оборудования для ветрогенератора ветровой электростанции в морской ветровой электростанции в Мидзу"	"1 072 400 000.00 ¥"	"Китайский судостроительный завод"	"Синьхуа"	"Чайна инжиниринг лимитед"
"273"	"CGN-20210915003"	"2021-11-02"	"Проект экспедиции по проекту морской ветроэнергетики на 280 МВт"	"44980000.00 ¥"	"Китайская электростроительная группа China Television Institute"	"Синьхуа"	"Пенсильван"
"274"	"CGN-202109150006"	"2021-11-02"	"Проект BJ 1, проект 2 LOT44Ag Обычный островной коробки и ARE, VVP"	"8130000.00 RMB"	"Halbin Cooperate Company"	"Льюис"	"Лиу Яцзяо"
"275"	"CGN-202109160002-N1"	"2021-10-29"	"ручные плавучие клапаны и треугольные клапаны (перенаправление предложений) для проекта LOT190Bh (номер тендера: CGN-20210916002-N1)"	"3743456.00 RMB"	"Shanghai Atom"	"Люис"	"Хуан"
"276"	"CGN-202109160005"	"2022-01-10"	"оборудование и ретрансляторы блока LOT1Ac проекта BJ 1 и 2, защита результатов первых двух последовательных проектов LOT1Cb"	"6207000.00 RMB"	"Nanjing Control System"	"Худо"	"Чайна инжиниринг лимитед"
"277"	"CGN-202109170002-N1"	"2023-01-31"	"Проект «Янцзы», проект строительства тепловых помещений в Институте ядерных исследований, LOT101N (перезапрос)"	"7610178.00 RMB"	"Atomic Electric (Jianan)"	"Лю"	"Джутенхуа"
"278"	"CGN-202109170008-N1"	"2022-07-19"	"Проект LF-LOT52Bb - фильтры для охлаждения воды и фильтры для конденсации"	"3583800.00 CNY"	"Jianzsu Electric Company"	"Ван"	"Ли Кэнпинг"
"279"	"CGN-20210918002"	"2022-07-13"	"Закупка гидротермальных установок с высоким давлением и Дексикс"	"44840000.00 CNY"	"Шанхайская электростанция"	"МОК"	"Ли Кэнпин"
"280"	"CGN-202109220001"	"2021-11-02"	"Проект строительства тепловых помещений в Институте ядерных исследований Китая и Китая LOT130A"	"1780000.00 RMB"	"Zong Island Heroes"	"Люис"	"Чжоу Вэй"
"281"	"CGN-202109230003"	"2023-02-01"	"датчик температурного уровня LOT101B для блока 1 и 2"	"17958800.00 RMB"	"China Institute of Materials"	"Лю"	"Джютенхуа"
"282"	"CGN-20210924003"	"2022-02-08"	"Проект строительства муниципального жилого комплекса в комплексе 1 проекта в Гуандун-Пинлинге"	"4549760.04 CNY"	"""Квантун"""	"Люис"	"Лю По"
"283"	"CGN-202109240004"	"2023-02-01"	"Проект мониторинга измерения и деформации сети управления проектами CW"	"8637500.00 RMB"	"Чайна инк. (ранее известная как Чайна инжиниринг компани)"	"Организация Объединения Наций"	"Организация Объединяющая нацию: Джутенхуа"
"284"	"CGN-202109270011"	"2023-02-07"	"Проект 1 и 2 LOT140Z (неRCC-M-монитор) (проекты и сборные материалы)"	"5282291.08 RMB"	"Jiangsu Sun"	"Ляодан"	"Джютенхуа"
"285"	"CGN-20210930002"	"2022-01-10"	"Проект 1 и 2 блока LOT120Eb"	"104253000.00 RMB"	"Консорциум Shanghai Electric Co. Ltd. и Shanghai First Company Ltd."	"Худо"	"Чайна инжиниринг лимитед"
"286"	"CGN-20220704001-N1"	"2022-10-24"	"Закупка рамочного соглашения по кабелям типа K3 класса 1E в 2022-2024 годах (перезакупка)"	"21002422.00 CNY"	"Hong Kong Company"	"Хинли инжинириING инжинириING"	"Чайна инжинириING лимиTEД"
"287"	"CGN-20211008003"	"2023-05-22"	"Проект CW""Пещера"""	"299169412.00 RMB"	"Китайское агентство гидроэнергетики"	"Меч"	"Чайна инжиниринг лимитед"
"288"	"CGN-20211008004"	"2023-03-23"	"Проект ""CW"", проект стендовой лаборатории"	"93001211.36 RMB"	"Китайское агентство гидроэнергетики"	"Знание"	"Чайна инжиниринг лимитед"
"289"	"CGN-20211009002"	"2023-02-01"	"CW Project 2021-2024"	"47528479.98 RMB"	"Hyong Building Engineering Ltd."	"Хан не смеется"	"Джутенхуа"
"290"	"CGN-202110130001"	"2023-02-24"	"Проект обеспечения безопасности в рамках проекта CW в Гонолулулу"	"32151571.00 RMB"	"Чайна файл"	"Организация Объединенных Наций"	"Организация Объединенных Наций: Джутенхуа"
"291"	"CGN-202110130002"	"2022-02-08"	"Нелинейное динамическое программное обеспечение"	"3076000.00 CNY"	"China Union Information Technology"	"Китайская академия ядерных исследований"	"Лю По"
"292"	"CGN-202110140002-N1"	"2022-01-14"	"Техническая поддержка и услуги проекта HAF в Гуандуне"	"71304866.00 ¥"	"Китайская энергетическая корпорация Цзянсу"	"Чжан Инсен"	"Лю По"
"293"	"CGN-20211015005-N1"	"2022-03-07"	"Закупка оконных крыш здания, посвященного саморегулированию, в Нинде (перезакупка)"	"7734000.00 RMB"	"Фуджянинд энтерпрайз лимитед"	"Ян"	"Желание строить"
"294"	"CGN-20211020003"	"2022-01-14"	"Проект BJ LOT15 (Уборка очистки и очистки)"	"11971800.00 RMB"	"Нанкин - компания по автоматизации электрооборудования"	"Льюис"	"Чайна инжиниринг лимитед"
"295"	"CGN-202110220002"	"2023-04-27"	"Проект гражданского строительства в Гуанси"	"4206000000.00 RMB"	"Китайское агентство строительства II"	"Дюйфу"	"Чайна инжиниринг лимитед"
"296"	"CGN-202110220003"	"2022-09-09"	"Проект BT каменный завод"	"269500000.00 RMB"	"Китайское управление гидроэнергетики"	"меч"	"Чайна инжиниринг лимитед"
"297"	"CGN-202110220005"	"2022-01-21"	"Текрингия 1 и 2 (предложение No CGN-202110220005) для определения проекта"	"30662000.00 CNY"	"Трейлеры: Taiwan 5 Gold"	"Знание"	"Чайна инжиниринг лимитед"
"298"	"CGN-202110220006"	"2022-01-21"	"Проект «Транзис 1 и 2» (запрос No CGN-202110220006) для определения проекта"	"32101881.00 CNY"	"Jiangsu Kong Co. Ltd."	"Чайна инжиниринг лимитед"	"Чайна инжиниринг лимитед"
"299"	"CGN-20211025002"	"2022-01-10"	"Пункт 2: блок 1 и 2 BJ LOT87Ab (малый элемент и приложение)"	"21351527.75 RMB"	"China High Technologies"	"Чжоу Чжи"	"Худо"
"300"	"CGN-20211026003"	"2022-07-19"	"Закупка башни морской ветряной башни (по пункту 1) (Конференция No CGN-20211026003) для определения настоящего"	"227036946.57 CNY"	"1998 - 1999 годы"	"Чайна инжиниринг лимитед"	"Чайна инжиниринг лимитед"
"301"	"CGN-20211026004-N1"	"2022-02-18"	"Проект строительства наземного центра управления на морском ветроэнергетическом поле"	"10635901.00 RMB"	"Гуанси Юнчэн"	"Сунь Юйшань"	"Чайна инжиниринг лимитед"
"302"	"CGN-202110270001-N2"	"2022-05-25"	"Закупка общего соединения (второе повторное привлечение)"	"1,500,077.52 RMB"	"Теффи: Технологии автоматизации (Пекин)"	"Китайская академия ядерных исследований"	"Чайна инжиниринг лимитед"
"303"	"CGN-20211028002"	"2022-12-23"	"Проект LOT82 Осветительные приборы"	"868824.00 RMB"	"Шэньчжэнь сайофи"	"вибрация"	"Худо"
"304"	"CGN-20211028003"	"2022-07-19"	"Проект LF-LOT52Ba (переработка вторичной фильтрации воды)"	"9980000.00 CNY"	"Разработчик - Shanghai Daily Water Technologies"	"Чайна инжиниринг лимитед"	"Консорциум: Ли Кэнпинг"
"305"	"CGN-20211029002"	"2022-01-10"	"1-й и 2-й энергоблоки LOT78B"	"31572395.26 RMB"	"Шэньчжэнь"	"Худо"	"Чайна инжиниринг лимитед"
"306"	"CGN-20211029004-N1"	"2022-01-10"	"Электронные системы административного обмена LOT78Ca (номеров тендера: CGN-20211029004-N1) для проекта BJ 1, 2, для определения победителей проекта"	"8084090.00 RMB"	"Китайская шанхайская корпорация ядерных технологий"	"Шен"	"Худо"
"307"	"CGN-202111010001-N1"	"2022-01-10"	"Проект BJ 1 и 2 LOT140Ua"	"6766960.00 RMB"	"Jiangsu Heroon"	"Чжáо Чжи"	"Худо"
"308"	"CGN-202111010006-N1"	"2022-01-10"	"Темы анализа и расчета экстремальных метеорологических параметров проекта CW и обычных метеорологических параметров"	"852000.00 RMB"	"Среднеморская климатцентр провинции Шаньдун"	"Ли"	"Худо"
"309"	"CGN-20211010008"	"2022-04-21"	"30 МВт Ветрогенераторное оборудование для ветроэнергетических установок ветроэнергетического комплекса Цяньцзинь"	"64800000 CNY"	"Jiang Kong Kong"	"Рязанский круг"	"Чайна инжиниринг лимитед"
"310"	"CGN-20211010009"	"2022-04-21"	"100 МВт"	"100,000,000 CNY"	"Jiang Kong Kong"	"Рязанский круг"	"Чайна инжиниринг лимитед"
"311"	"CGN-20211010010"	"2022-04-21"	"Закупка (перезакупка) оборудования для ветрогенераторов в четырех децентрализованных ветряных проектах, таких как «Синий флаг»"	"¥133,400,000"	"Синьцзян"	"Консорциум: Рязанский круг"	"Чайна инжиниринг лимитед"
"312"	"CGN-202111010011"	"2022-08-04"	"Закупка оборудования для ветрогенератора ветряного генератора в Пинчуаньской долине"	"159000000.00 CNY"	"Jiang Kong Kong"	"Рязанский круг"	"Роливер"
"313"	"CGN-202111010012"	"2022-08-12"	"Закупка оборудования для ветряного электрогенератора мощностью 50 МВт во втором ветряном ветроэнергетическом комплексе""Таймс"""	"104500000.00 CNY"	"Синьцзян"	"Рязанский круг"	"Чайна инжиниринг лимитед"
"314"	"CGN-202111010013"	"2022-01-07"	"Проект ""Интеллектуальная земля"""	"10660000.00 ¥"	"China Southern"	"до Сюйчан"	"Чайна инжиниринг лимитед"
"315"	"CGN-202111010014"	"2022-01-10"	"Блок 1 и блок 2 LOT78H"	"2787823.00 RMB"	"Иньцзиньсистеменайтэлайюндун"	"Шен"	"Худо"
"316"	"CGN-202111020002"	"2022-01-10"	"Блок 1 и 2 блока LOT120Kb для группы BJ 1 и 2"	"2752724.00 RMB"	"Great Sot Company"	"Ровен"	"Худо"
"317"	"CGN-202111030001-N1"	"2022-04-27"	"Проект LOT78 для аппаратуры связи"	"5490976.00 RMB"	"Western Dong Telecom"	"вибрация"	"Худо"
"318"	"CGN-202111030003"	"2022-01-25"	"Проект по управлении водопользованием в рамках проекта""Шэнь Ли Вэньчжэн"""	"528886.00 CNY"	"Инжиниринг""Ханнан зеленых"""	"тишина"	"Роливер"
"319"	"CGN-202111040002"	"2022-01-24"	"Закупка услуг безопасности на экспериментальной базе""Лонган"""	"10306621.44 RMB"	"Шэньчжэнь"	"Ли"	"Желание строить"
"320"	"CGN-20211105001-N2"	"2022-04-27"	"Закупка тендера на проект цирроза и дренажных траншей (второй повторный тендер)"	"7047957.00 ¥"	"""Инжиниринг"" Гуанси Юнчэн"	"Чайна и Китай"	"Чайна инжиниринг лимитед"
"321"	"CGN-20211105002"	"2023-02-01"	"Проект теплового оборудования Института ядерных исследований Китая"	"15995550.00 RMB"	"China and China New Energy Sound"	"Джютенхуа"	"Вайонкон"
"322"	"CGN-20211105003"	"2022-01-30"	"Закупка 500 000 кВт ветряного оборудования для проекта электростанции""Цинхай""(по одному пункту)"	"1 000 000.00 CNY"	"Перспективная энергетика"	"Роливер"	"Чайна Хиросима"
"323"	"CGN-20211105004"	"2022-01-30"	"Закупка оборудования для ветроэнергетических установок для проекта электростанции мощностью 500 000 кВт на озере Цинхай"	"467532000.00 CNY"	"Инспекции: Институт электромобиля, Китай"	"Рязанский круг"	"Роливер"
"324"	"CGN-20211109001"	"2022-05-07"	"Проект BT LOT134Ab в экстренном режиме для водяных насосов"	"19990000.00 RMB"	"Shanghai Electric Cessbie Atoms Co."	"Льюис"	"Льюис"
"325"	"CGN-20211109002"	"2022-05-09"	"Насосы с низким давлением LOT134Bb для проекта BT в Бен-Ганси"	"24960000.00 RMB"	"Shanghai Apollo Mechanics"	"Люис"	"Чайна инжиниринг лимитед"
"326"	"CGN-2021109003"	"2022-05-09"	"Проект BT LOT134Bc иллюстрации кондиционирования насоса"	"24801000.00 RMB"	"Zong Kong Co."	"Льюис"	"Чайна инжиниринг лимитед"
"327"	"CGN-2021109004"	"2022-03-21"	"Интеллектуальная технология распознавания видео в области прикладных исследований и проектных услуг в области безопасности производства ядерной энергии"	"1,749,500.00 RMB"	"Консалтинговая фирма ""Телекоммуникационное планирование"", Гуандун"	"Шотландия"	"Лю По"
"328"	"CGN-20211109005-N2"	"2022-07-18"	"Проект по модификации трансмиссивного генератора Яньцзян (четвертый прием)"	"4851000.00 RMB"	"Great Wall Street Journal"	"Авангард"	"Лю По"
"329"	"CGN-20211110001"	"2022-01-25"	"5-я серия мониторинга и оценки новых источников энергии"	"4158000.00 CNY"	"Инжиниринг, провинция Фуцзянь"	"тишина"	"Роливер"
"330"	"CGN-20211110002"	"2022-01-25"	"2-й пункт 5-й контрольной серии 2021 года в рамках проекта CGN-20211110002, определяющий проект"	"3450000.00 CNY"	"Санси юнион"	"Тишина"	"Роливер"
"331"	"CGN-20211110007"	"2022-04-02"	"Генеральный контракт на строительство проекта оптимизации водоотвода компании ""Ляонин"""	"522166666.66 CNY"	"Liaoning Red Stream"	"Фен Цзянг"	"Чайна инжиниринг лимитед"
"332"	"CGN-2021111110001"	"2023-02-01"	"Демонстрационный проект по отоплению атомной электростанции ""Красная река"" (внутренняя часть завода)"	"15689166.93 RMB"	"Китайская ядерная промышленность"	"Ханна"	"Джютенхуа"
"333"	"CGN-202111120001"	"2022-01-07"	"50 МВт ветровой электростанции AIS в 13-м номере в Китае"	"95400.00 RMB"	"Средний маркер: провинция Цзянсу, например, компания с высоким давлением"	"Лиян"	"Ли Хун"
"334"	"CGN-202111120004"	"2022-01-06"	"128 МВт в 2021 году Шанхайского юго-западного порта"	"255778795.44 ¥"	"Crysco Energy"	"Бытие"	"Чайна инжиниринг лимитед"
"335"	"CGN-20211115005"	"2022-03-29"	"Закупка 128 МВт в юго-западной части Шанхая, Шанхай, 2021 г., второй по величине сбор новой энергии"	"38755476.48 ¥"	"Синьцзян Цзянсу"	"Бытие"	"Чайна инжиниринг лимитед"
"336"	"CGN-202111150007"	"2022-01-14"	"Проект третьей стороны по тестированию строительных материалов в рамках проекта BJ в Чжэцзяне"	"3107775.00 RMB"	"Сертификат металлургии"	"Синьхуа"	"Желание строить"
"337"	"CGN-202111150010"	"2022-04-07"	"Закупка и контроль за осуществлением проекта в области ветроэнергетики в Китае (номер тендера:)"	"7990000.00 CNY"	"Jiangian Huawei Engineering Consultants Ltd."	"Синьхуа"	"Чайна инжиниринг лимитед"
"338"	"CGN-202111150013"	"2022-02-18"	"Наземные ветровые полы в акватории Гуандун, Китай"	"343888600.00 RMB"	"Фудзианг Шиппинг Компани"	"Пенсильван"	"Чайна инжиниринг лимитед"
"339"	"CGN-202111150014"	"2022-02-09"	"Проект закупок для рамочного соглашения по обнаружению и техническому обслуживанию новых источников энергии на шельфе Китая и Китая (пункт 1: Морской район Цзянсу и Чжэцзян)"	"¥23 831 121.56"	"Производитель"	"China and China (Пекин)"	"Чайна инжиниринг лимитед"
"340"	"CGN-202111150015"	"2022-02-09"	"Проект закупок для рамочного соглашения по обнаружению и ремонту новых источников эnerгии на шельфе Китая и Китая (пункт 2 - Южно-Китайское море, Фуцзянь)"	"¥25 065 121,46"	"Jiangsu Hong Kong"	"Контактное лицо @renheng (China and China (Пекин))"	"Агент по торгам @zhoujianjun (Чайна инжиниринг лимитед)"
"341"	"CGN-20211116001"	"2022-01-25"	"Закупка платформы управления безопасностью ветроэнергетики на Кананге, Китай (заказ No CGN-202111116001) для определения проекта"	"122361420 CNY"	"Контролер @GuanDu"	"Чайна"	"Роливер"
"342"	"CGN-20211116002"	"2022-04-02"	"Проект строительства укрепленного моста Мацумото на специальном заводе в Нинде"	"11577412.44 RMB"	"Инжиниринг моста в Нинде"	"Не будь мостом"	"Шэньчжэньский залив"
"343"	"CGN-20211117001"	"2022-03-21"	"280 МВт морской ветроэнергетический проект ""Наземный подъем"""	"64009009.66 ¥"	"Китай: Китайская энергетическая группа Чжэцзян"	"Синьхуа"	"Чайна инжиниринг лимитед"
"344"	"CGN-20211117002-N2"	"2022-04-07"	"10 МВт ""Синий флаг"" распределенные ветровые электростанции (третий тендер)"	"43331698.00 CNY"	"Внутренняя Монголия"	"Китайская энергетическая компания Синий флаг"	"Чайна инжиниринг лимитед"
"345"	"CGN-202111170004-N1"	"2022-02-21"	"Закупка (перезакупка) экспериментальной системы контроля"	"4887869.20 RMB"	"Cansda Automotive Technology, Шэньчжэнь"	"Джей"	"Чайна инжиниринг лимитед"
"346"	"CGN-202111170005-N1"	"2022-02-21"	"Закупка электроэнергии с прямым потоком (перезакупка)"	"8166000.00 RMB"	"Lakenan Newpa Technologies"	"Джей"	"Ли Вендонг"
"347"	"2021111180001-N1"	"2022-03-09"	"Проект строительства парковки ""Гран-Ба"" и вспомогательных объектов в комплексе АЭС ""Беннинг"" (перезапрос)"	"8484040.00 RMB"	"Hyong Building Engineering Ltd."	"Желание строить"	"Фуджянинд энтерпрайз лимитед"
"348"	"CGN-2021111180002"	"2023-02-01"	"Видеоконференционное оборудование для системы управления чрезвычайными ситуациями LOT19Bb для блока 1 и 2 проекта""Тайпинс"""	"1,631,664.17 RMB"	"China Tech"	"Вайонкон"	"Джутенхуа"
"349"	"CGN-20211119004"	"2022-01-21"	"Проект по закупке оборудования для нефтехимической лаборатории в регионе Хинан"	"3536000.00 ¥"	"Разработчик"	"Ван Шоран"	"Пенсильван"
"350"	"CGN-202111190007"	"2022-01-20"	"50 МВт ветроэнергетический проект 50 МВт."	"2435000.00 RMB"	"Сычуань: компания с ограниченной ответственностью за электроснабжение"	"Лю"	"Ли Хун"
"351"	"CGN-20211119008-N1"	"2022-01-27"	"Проект по закупке новой энергетической технологии (перезакупка предложений)"	"2691773.00 RMB"	"Yelcomenda"	"Сюй Юй"	"Ли Хун"
"352"	"CGN-202111190010"	"2022-07-19"	"Закупка башни морской ветроэнергетики (пункт 2)"	"209160100.00 CNY"	"Фудзифильм"	"Ли Кэнпинг"	"Ли Кэнпинг"
"353"	"CGN-202111220007"	"2022-01-06"	"50 МВт ветровой электроэнергетике в 13-м номере серии HAMI 13"	"11586800.00 ¥"	"Hongangda Transformation"	"Льюис"	"Пенсильван"
"354"	"CGN-202111220009"	"2022-07-04"	"Закрыт стенд для ядерного острова LOT140R (номер тендера: CGN-202111220009) для группы 5 и 6"	"1,388,509.80 CNY"	"Ningbo"	"Ли Кэнпинг"	"Ли Кэнпинг"
"355"	"CGN-202111230002"	"2022-05-26"	"Результаты в крупном механическом материале HC Project LOT140W"	"$5,725,386.28 RMB"	"Songang Song Corporation"	"Льюис"	"Чень Сонг"
"356"	"CGN-202111250001"	"2023-02-01"	"Закупка оборудования для сбора данных и анализа усталости в блоке LOT104Ia проекта 1 и 2 (запрос No: CGN-A)"	"1,280,260.00 RMB"	"Jiangang Zong"	"Ван"	"Джутенхуа"
"357"	"CGN-202111260002"	"2022-02-23"	"50 МВт ветряная станция для строительства 50 МВт в Хаминге"	"14940311.00 RMB"	"Сычуань"	"Лю"	"Ли Хун"
"358"	"CGN-20211129001-N1"	"2022-09-16"	"Проект по проектному тестированию качества BT в Гуанси"	"19016595.00 RMB"	"Иностранный проект по испытанию качества строительных работ в автономном районе Гуанси-Шань"	"Лю Цзянь"	"Лю Цзянь"
"359"	"CGN-202112010002"	"2023-02-01"	"Проект специализированных услуг по тестированию качества для третьих сторон на предприятии ""Хинси"""	"1,351,032.00 RMB"	"-"	"-"	"Чайна инжиниринг лимитед"
"360"	"CGN-202112010003"	"2022-01-25"	"Ремонт дорог на главной линии в рамках проекта ""Ветроэн"" (проект ""1 млн. до правого флага"")"	"5895921.00 RMB"	"ИНЖИНИРИНГ ГИРИНСОН"	"Синьхуа (УНИТА) @p177459 (Синьхуа (УНИТА))"	"Чайна инжиниринг лимитед @lhyts (Чайна инжиниринг лимитед)"
"361"	"CGN-202112020002"	"2022-02-08"	"Закупка технологии обнаружения целостности корпуса безопасности"	"2 760 000.00 RMB"	"Пекинский институт космической инженерии"	"Шоу"	"Лю По"
"362"	"CGN-20211206001"	"2022-01-26"	"Компания «Ляонин» расширяет тепловую насосную аппаратуру (второе тендерное предложение) для персонала"	"2,363,500.00 RMB"	"Liaoning Crimson Stream"	"Ляонин Красный Поток"	"Чайна инжиниринг лимитед"
"363"	"CGN-20211206002"	"2022-01-26"	"Project BJ No 1, block No 2 LOT150Ag (Typical tower for cooling mechanical shock)"	"5270000.00 RMB"	"Jiangang Hong Kong"	"Маули"	"Льюис"
"364"	"CGN-202112070003-N1"	"2022-02-25"	"Экономия каучука на обычном острове LOT52Da (перезакупка) в рамках проекта BJ в Чжэцзяне"	"3449520.00 RMB"	"Zong Kong"	"Льюис"	"Льюис"
"365"	"CGN-20211210001"	"2022-02-11"	"Концентрация морских водоёмов на военно-морских ветряных станциях Чжэнцзян-цзян-цзян-1 и 2-й морской ветровой электростанции в Китае с результатами инженерных гидрологических наблюдений и обзором состояния морской среды"	"3180000.00 RMB"	"Hylando Tech"	"Ван И"	"Ли Хун"
"366"	"CGN-202112130001"	"2022-01-20"	"Проект 1 и 2 группы LOT42Bb Водосточные установки, оборудование для рециркуляторного насоса и вспомогательного водяного насоса"	"3850000.00 RMB"	"Shanghai Apollo Mechanics"	"Льюис"	"Льюис"
"367"	"CGN-202112130002"	"2022-09-21"	"Три проекта по мониторингу водного хозяйства на атомном заводе в Порт-Майнши"	"3726120.00 RMB"	"Консалтинговая фирма ""Хуанхэ"""	"Желание строить"	"Хинси Порт оф энтерпрайз"
"368"	"CGN-20211214001"	"2022-02-10"	"Доклад о технико-экономическом обосновании проекта строительства морской ветряной электростанции ""Цзянцзян"", Китай, и соответствующая тематическая информация"	"29950000.00 ¥"	"Китайский энергетический консорциум China Energy Building Group, China Institute of Electrical Design"	"Ван И"	"Чжоу"
"369"	"CGN-202112140002"	"2022-07-15"	"Закупка бетонных станков в рамках проекта ""QX"" и ""Закупка помещений"""	"32898516.12 RMB"	"Китайское агентство строительства II"	"Европа"	"Чайна инжиниринг лимитед"
"370"	"CGN-202112140003-N1"	"2023-01-31"	"Закупка части системы мониторинга усталости (прибор) блока LOT104Ib проекта 1 и 2 (перезакупка)"	"2 988 000.00 RMB"	"Шэньчжэнь"	"Ван"	"Джютенхуа"
"371"	"CGN-20230316001"	"2023-04-11"	"Первый три башни проекта морской ветерной энергетик на Кананге Кита, Яньцзя"	"RMB14 068 380.00"	"Hongong Kong"	"Маули"	"Худо"
"372"	"CGN-20211215002"	"2022-03-29"	"Проект строительства ветряной электрической фермы (S30-S35), дорожная платформа для ветряной электростанции, платформа для ветряной подвески, ветряная база"	"¥28,499,0948.6"	"Heroon Jiangian строительная компания"	"郭蔷"	"Чайна инжиниринг лимитед"
"373"	"CGN-202112150003"	"2023-02-01"	"Проект QX в Гуйчжоу"	"243709178.87 RMB"	"China 5"	"Лю Сяо"	"Джютенхуа"
"374"	"CGN-202112160004"	"2022-06-23"	"Проект установки объектов проекта ""Гуандун"""	"1291230000.00 RMB"	"Китайская ядерная промышленность 23 строительства"	"Лю Сяокин"	"Чайна инжиниринг лимитед"
"375"	"CGN-20211216005"	"2022-06-23"	"Проект установки объектов проекта ""Гуандун"" (пункт III)"	"293231600.00 RMB"	"China Nuclear Industry 23 Building"	"Лю Сяокин"	"Чайна инжиниринг лимитед"
"376"	"CGN-202112160006"	"2022-02-15"	"Закупка оборудования для системного контейнера для экспериментальных устройств"	"2,486,600.00 ¥"	"S&T"	"Джей"	"Чайна инжиниринг лимитед"
"377"	"CGN-202112160007-N1"	"2022-05-05"	"2-й тендер на поставку насоса системы поддержки экспериментального устройства"	"5999100.00 USD"	"Jiangian Elip"	"Джей"	"Чайна инжиниринг лимитед"
"378"	"CGN-202112160010"	"2022-02-18"	"Схема предварительного интенсификации морских ветровых полей в Южно-Китайском море"	"451001409.75 RMB"	"Jianzsu Sea Power Vehicle"	"Хуан Сяодон"	"Чайна инжиниринг лимитед"
"379"	"CGN-202112160011"	"2022-08-02"	"Закупка оборудования для ветроэнергетических установок ветрового поля в округе Ваннин, Китай (проект торгов: CGN-202112160011)"	"194300000.00 ¥"	"Шанхайская электроэнергетическая компания"	"Рязанский круг"	"Чжоу"
"380"	"CGN-202112160012-N1"	"2023-07-27"	"Закупка (перезакупка) оборудования для ветряной электростанции Тяньцзинь и Нин Лун"	"148500000.00 CNY"	"Синьцзян"	"Рязанский круг"	"Пенсильван"
"381"	"CGN-20211217001"	"2022-05-12"	"Закупка оборудования для ветрогенератора ветроэнергетического комплекса ""Хэнси"", 2-я серия (заказ № CGN-202112170001)"	"134655200.00 ¥"	"Zong Kong"	"Рязанский круг"	"Пенсильван"
"382"	"CGN-202112200001-N1"	"2022-04-18"	"Совместная разработка автоматической погрузки и разгрузки контейнеров NAC-STC (перезаключение)"	"2,495,900.00 RMB"	"Grand-Land"	"Хуан Вэй"	"Лю По"
"383"	"CGN-20211220002"	"2022-03-28"	"Модернизация бортовых двигателей SIR, SIT, ATE 1-6"	"998000.00 RMB"	"Шэньчжэнь"	"Желание строить"	"Янцзян энтерпрайз лимитед"
"384"	"CGN-202112200004"	"2022-02-21"	"Проект закупок оборудования для комплексной оценки травматизма"	"4780000.00 RMB"	"Beijing Soun Technologies"	"Желание строить"	"Институт термотехники Сучжоу"
"385"	"CGN-20211220005"	"2022-02-23"	"Закупка трехмерной системы высокоскоростной вибрации"	"2318500.00 RMB"	"Институт термотехники Сучжоу"	"Желание строить"	"Желание строить"
"386"	"CGN-202112210002"	"2022-02-22"	"Топографический проект Hong Kong Zong"	"1,537,000.00 ¥"	"Китайская электростроительная группа China Southern Research Institute"	"Ван И"	"Пенсильван"
"387"	"CGN-202112210005"	"2022-02-15"	"LF-проект 5, 6-я группа LOT130D фильтры для ядерного острова"	"10200000.00 RMB"	"Hong Kong New Energy Engineering"	"лейтенант Ян"	"Льюис"
"388"	"CGN-20211220001"	"2022-01-27"	"Объявлены результаты работ по циррозу на участке 500 кВ в рамках второго проекта УНИТА"	"6765959.00 RMB"	"В Шэньчжэнь"	"Лю"	"Ли Хун"
"389"	"CGN-202112230003-N1"	"2022-04-27"	"Закупка оборудования для проекта BS"	"25830000.00 RMB"	"Вухань Цзюань"	"Е."	"Худо"
"390"	"CGN-202112230004"	"2022-02-17"	"Закупка диагностической системы ""Интеллектуальный мониторинг водяных труб"" на АЭС"	"3416500.00 CNY"	"New Star Technology"	"Институт термотехники Сучжоу"	"Чайна инжиниринг лимитед"
"391"	"CGN-202112230005"	"2022-02-21"	"Результаты анализа вибрации"	"8660000.00 RMB"	"Nanking Sea Electronic Technology Ltd."	"Ван Сяо"	"Лю Цзянь"
"392"	"CGN-202112240001"	"2022-02-22"	"35 МВт и 40 МВт ветровой топ-службы по проектированию"	"2 978 600.00 ¥"	"Китайская электростроительная группа China Southern Research Institute"	"Ван И"	"Пенсильван"
"393"	"CGN-202112240002"	"2022-08-22"	"12 #Основы ветряной машины, дорожные работы и повески"	"5686410.00 ¥"	"Производитель"	"Синьцзян"	"Чайна инжиниринг лимитед"
"394"	"CGN-202112270001"	"2022-04-27"	"Система защиты полярных матриц и проводников на военно-морской ветряной площадке А-2"	"11502280.00 RMB"	"International"	"Вэй"	"Худо"
"395"	"CGN-20211228002"	"2022-03-07"	"LF-проект 5 и 6 LOT49A Пожарная установка"	"18541800.00 RMB"	"Промышленная пожарная компания Сеян"	"Льюис"	"Чэнь"
"396"	"CGN-202112290001-N1"	"2022-04-28"	"Закупка оборудования для видеонаблюдения за давлением при температуре водяного давления для испарителя (перенаправление предложений)"	"4197192.28 RMB"	"Китайско-китайский акционерный капитал"	"Желание строить"	"Чайна атомная электроника"
"397"	"CGN-20211229002"	"CGN-20211229002"	"Serivce for design and project development of wind power stations in Pingguan Valley"	"1 992 800.00 ¥"	"China Southern Research Institute"	"Ван И"	"Pengxiongbing"
"398"	"CGN-20211230001"	"2022-03-25"	"LF Project LOT190Bi RCV системный регуляторный клапан"	"4434000.00 RMB"	"Shanghai Automation"	"Льюис"	"Льюис"
"399"	"CGN-20211230002"	"2022-02-18"	"Закупка оборудования для замены высоковольтного электроприбора в здании ""Инжиниринг"""	"23970000.00 RMB"	"China Electric Company"	"Шоу"	"Чайна инжиниринг лимитед"
"400"	"CGN-202112310002"	"2022-03-07"	"Проект по закупке HC"	"5650000.00 RMB"	"Hong Kong"	"Чэнь"	"Желание строить"
"401"	"CGN-20220104001"	"2022-03-02"	"Проект LOT49B по противопожарному насосу в рамках проекта CGN-20220104001"	"1,997,800.00 RMB"	"Shanghai Cyon Co. Ltd."	"Льюис"	"Лю Яцяо"
"402"	"CGN-20220104002"	"2022-03-10"	"Закупка системы защиты морских ветровых электроста́нций 280 МВт"	"4284200.00 RMB"	"Nanjin Automation"	"Синьхуа"	"Чайна инжиниринг лимитед"
"403"	"CGN-20220104003"	"2022-02-17"	"280 МВт закупка башни морской ветровой электростанции""Чайна"""	"213062500.00 RMB"	"Фуджо"	"любовь"	"Ли Хун"
"404"	"CGN-20220105001-N2"	"2022-05-05"	"3-й конкурс на закупку основного оборудования платформы"	"4890000.00 RMB"	"Hong Kong Huawei Technologies"	"Кристалл"	"Чайна инжиниринг лимитед"
"405"	"CGN-20220105002"	"2022-09-08"	"Проект по надзору за проектными работами на заводе и насосе в Гуанси"	"2,544,000.00 RMB"	"Китайская инженерно-строительная компания"	"Хинси Порт оф энтерпрайз"	"Чайна инжиниринг лимитед"
"406"	"CGN-20220105005"	"2022-03-24"	"Инструкции по сооружению тепловых помещений в Институте ядерных исследований Китая и Китая LOT130I Устройство для обработки контейнеров"	"1950000.00 RMB"	"Компания: Hong Kong New Energy Engineering"	"Лю Бохуа"	"Льюис"
"407"	"CGN-20220107001"	"2022-03-22"	"Закупка новой энергетической беспилотной платформы управления освещением и электропередачей (справка 1)"	"450400844.00 ¥"	"China Culifornia"	"Ван Шоран"	"Чайна инжиниринг лимитед"
"408"	"CGN-20220107003"	"2022-03-10"	"Видеонаблюдение системы физической защиты на АЭС""Порт-о-Спейн"" в рамках проекта по модернизации камер высокой четкости"	"4900000.00 CNY"	"Китай: Шанхайская корпорация ядерных технологий"	"Хинси Порт оф энтерпрайз"	"Чайна инжиниринг лимитед"
"409"	"CGN-20220110002-N1"	"2022-12-09"	"Закупка генератора (перезакупка) в рамках проекта AD LOT40 (закупка тендера) (номер тендера: CGN-20220110002-N1)"	"1,386,000,000.00 CNY"	"Harbin Electric Company"	"МОК"	"Ли Кэнпинг"
"410"	"CGN-20220110002"	"2022-02-24"	"Генеральный контрактный проект EPC в рамках проекта""Компромисс"",""Синьхуа"",""Зонта"",""Синьхуа"",""Синьцзян"""	"437999999.00 ¥"	"Китайская энергетическая корпорация Цзянсу"	"Очистка"	"Пенсильван"
"411"	"CGN-202201110003-N1"	"2022-05-06"	"Закупка свинцовых механических насосов (перезакупка)"	"9605600.00 RMB"	"Шанхайская компания по производству насосов (Группа)"	"Кристалл"	"Лю По"
"412"	"CGN-202201120002"	"2022-07-01"	"Сервис по проектной цене на заводе BJ в Бенцзяне (пункт II) (номер тендера: CGN-202201120002)"	"4390308.00 CNY"	"Angeles Engineering Procurement"	"Синьхуа"	"Чайна инжиниринг лимитед"
"413"	"CGN-202201120003"	"2022-07-01"	"Сервис по проектной цене BJ (пункт I) (номера тендера: CGN-202201120003) для определения проекта"	"CNY 4003810.80"	"Проект ""Инжиниринг 1"" проекта ""Чжэцзян"" (пункт I)"	"Синьхуа"	"Чайна инжиниринг лимитед"
"414"	"CGN-202201140001"	"2022-04-20"	"Gong LF Project LOT130Ba ECS and AAS"	"2064000.00 RMB"	"Lanka Language Computer Computer"	"Сун"	"Льюис"
"415"	"CGN-202201140002"	"2023-01-31"	"Эксплуатационные услуги в рамках проекта""Гуандун"""	"8915080.00 RMB"	"Китай: China Foreign Transport"	"Организация Объединенных Наций"	"Организация Объединения Наций: Джутенхуа"
"416"	"CGN-202201140003"	"2022-03-09"	"Использование трафика"	"1790000.00"	"Открыть карточку"	"Мудрый"	"Лю Цзянь"
"417"	"CGN-202201180004"	"2022-02-23"	"100 МВт в сервисе по проектированию ветроэнергетики 100 МВт"	"20000000.00 RMB"	"China Electrical Group Co."	"Хуан"	"Ли Хун"
"418"	"CGN-20220119001"	"2023-01-31"	"Платформа мониторинга LOT104L и проект охлаждения на 3-м и 4-м блоках"	"3821176.00 RMB"	"Институт теплотехники Сучжоу"	"Ван"	"Джутенхуа"
"419"	"CGN-20220119003"	"2022-07-04"	"Двухбалетная кранная установка LOT10A BOP"	"16950000.00 CNY"	"Hong Kong Kong"	"Чжан"	"Ли Кэнпинг"
"420"	"CGN-20220120001"	"2022-03-30"	"Чжэцзян 4 # Морская ветряная электроэнергия на суше, официальное устройство кабеля и результаты установки"	"1634991.00 RMB"	"Производитель"	"Ветроэнергетическая компания Чжэцзян"	"Чайна инжиниринг лимитед"
"421"	"CGN-20220120002"	"2022-03-28"	"Закупка услуг по проектированию и контролю за проектом строительства ядерных установок в Китае"	"1,298,000.00 RMB"	"Китайская инженерно-строительная компания"	"Джей"	"Желание строить"
"422"	"CGN-202201200004-N1"	"2022-03-28"	"Закупка контейнерных контейнеров для перевозки контейнеров (перезакупка)"	"1,678,600.00 RMB"	"Саут Тунг"	"Ли Чуань"	"Чайна инжиниринг лимитед"
"423"	"CGN-20220120005"	"2022-03-11"	"Обозначения результатов в общих насосах Hongong LF Project LOT9D и BOP"	"5466239.00 RMB"	"АТР"	"Льюис"	"Чайна инжиниринг лимитед"
"424"	"CGN-202201210002"	"2023-01-31"	"Проект ""Тайпинс"" 1, блок 2 LOT19Bc - специальное программное обеспечение для системы управления чрезвычайными ситуациями LOT19Bc для блока 1 и 2 проекта Nintendo"	"1 900 000.00 RMB"	"Китайский институт радиационной защиты"	"Джутенхуа"	"Чайна инжиниринг лимитед"
"425"	"CGN-202201210003-N1"	"2022-07-04"	"LF Проект LOT10B Оборудование для легкой подвески"	"5650000.00 CNY"	"Hong Kong Kong"	"Чжэн"	"Ли Кэнпин"
"426"	"CGN-202201210004"	"2022-04-27"	"Экспериментальный проект ПГ"	"6850000.00 RMB"	"Чунцинский университет"	"Шэньчжэнь"	"Худо"
"427"	"CGN-202201240001-N1"	"2022-05-19"	"Закупка подводного пламени (перезакупка)"	"1850000.00 RMB"	"Шэньчжэнь"	"Лю По"	"Чайна инжиниринг лимитед"
"428"	"CGN-202201240003"	"2022-04-07"	"Предварительное техническое обоснование проекта по аккумуляции воды в Хисато, новая энергетика: предварительный технический анализ"	"29580700.00 CNY"	"Китайская электростроительная группа Китайский институт южного топографического дизайна, компания China Energy Construction Institute Ltd."	"Хуан"	"Чайна инжиниринг лимитед"
"429"	"CGN-202201240004"	"2022-06-13"	"Закупка системы визуализации для контроля за безопасностью на 2022 год"	"6482840.00 RMB"	"Шэньчжэнь"	"Ляонин Красный Поток"	"Желание строить"
